type,article_ref,system_ref,qty,project_code,holding,note,import_tag
receive,205007,ASE 70 (POCKET SLIDING),100.0,,1361,DN 7-08 & 28-08 & 11-09,master-stock-list-05-10
receive,205080,ASE 70 (POCKET SLIDING),100.0,,1361,DN 7-08 & 28-08 & 11-09,master-stock-list-05-10
receive,205292,ASE 70 (POCKET SLIDING),100.0,,1361,DN 7-08 & 28-08 & 11-09,master-stock-list-05-10
receive,205390,ASE 70 (POCKET SLIDING),100.0,,1361,DN 7-08 & 28-08 & 11-09,master-stock-list-05-10
receive,205436,ASE 70 (POCKET SLIDING),200.0,,1361,DN 7-08 & 28-08 & 11-09,master-stock-list-05-10
receive,205876,ASE 70 (POCKET SLIDING),100.0,,1361,DN 7-08 & 28-08 & 11-09,master-stock-list-05-10
receive,205930,ASE 70 (POCKET SLIDING),100.0,,1361,DN 7-08 & 28-08 & 11-09,master-stock-list-05-10
receive,218170,ASE 70 (POCKET SLIDING),100.0,,1361,DN 7-08 & 28-08 & 11-09,master-stock-list-05-10
receive,224073,ASE 70 (POCKET SLIDING),76.0,,1361,DN 7-08 & 28-08 & 11-09,master-stock-list-05-10
receive,224690,ASE 70 (POCKET SLIDING),40.0,,1361,DN 7-08 & 28-08 & 11-09,master-stock-list-05-10
receive,225015,ASE 70 (POCKET SLIDING),100.0,,1361,DN 7-08 & 28-08 & 11-09,master-stock-list-05-10
receive,225089,ASE 70 (POCKET SLIDING),100.0,,1361,DN 7-08 & 28-08 & 11-09,master-stock-list-05-10
receive,225116,ASE 70 (POCKET SLIDING),100.0,,1361,DN 7-08 & 28-08 & 11-09,master-stock-list-05-10
receive,225137,ASE 70 (POCKET SLIDING),100.0,,1361,DN 7-08 & 28-08 & 11-09,master-stock-list-05-10
receive,240790,ASE 70 (POCKET SLIDING),1.0,,1361,DN 7-08 & 28-08 & 11-09,master-stock-list-05-10
receive,240793,ASE 70 (POCKET SLIDING),1.0,,1361,DN 7-08 & 28-08 & 11-09,master-stock-list-05-10
receive,240802,ASE 70 (POCKET SLIDING),2.0,,1361,DN 7-08 & 28-08 & 11-09,master-stock-list-05-10
receive,240904,ASE 70 (POCKET SLIDING),1.0,,1361,DN 7-08 & 28-08 & 11-09,master-stock-list-05-10
receive,240905,ASE 70 (POCKET SLIDING),1.0,,1361,DN 7-08 & 28-08 & 11-09,master-stock-list-05-10
receive,244058,ASE 70 (POCKET SLIDING),200.0,,1361,DN 7-08 & 28-08 & 11-09,master-stock-list-05-10
receive,244202,ASE 70 (POCKET SLIDING),200.0,,1361,DN 7-08 & 28-08 & 11-09,master-stock-list-05-10
receive,244512,ASE 70 (POCKET SLIDING),200.0,,1361,DN 7-08 & 28-08 & 11-09,master-stock-list-05-10
receive,246145,ASE 70 (POCKET SLIDING),22.0,,1361,DN 7-08 & 28-08 & 11-09,master-stock-list-05-10
receive,254519,ASE 70 (POCKET SLIDING),50.0,,1361,DN 7-08 & 28-08 & 11-09,master-stock-list-05-10
receive,265599,ASE 70 (POCKET SLIDING),10.0,,1361,DN 7-08 & 28-08 & 11-09,master-stock-list-05-10
receive,267990,ASE 70 (POCKET SLIDING),30.0,,1361,DN 7-08 & 28-08 & 11-09,master-stock-list-05-10
receive,276879,ASE 70 (POCKET SLIDING),6.0,,1361,DN 7-08 & 28-08 & 11-09,master-stock-list-05-10
receive,281679,ASE 70 (POCKET SLIDING),10.0,,1361,DN 7-08 & 28-08 & 11-09,master-stock-list-05-10
receive,284071,ASE 70 (POCKET SLIDING),8.0,,1361,DN 7-08 & 28-08 & 11-09,master-stock-list-05-10
receive,284819,ASE 70 (POCKET SLIDING),16.0,,1361,DN 7-08 & 28-08 & 11-09,master-stock-list-05-10
receive,288180,ASE 70 (POCKET SLIDING),12.0,,1361,DN 7-08 & 28-08 & 11-09,master-stock-list-05-10
receive,288181,ASE 70 (POCKET SLIDING),2.0,,1361,DN 7-08 & 28-08 & 11-09,master-stock-list-05-10
receive,291009,ASE 70 (POCKET SLIDING),400.0,,1361,DN 7-08 & 28-08 & 11-09,master-stock-list-05-10
receive,298892,ASE 70 (POCKET SLIDING),100.0,,1361,DN 7-08 & 28-08 & 11-09,master-stock-list-05-10
receive,298900,ASE 70 (POCKET SLIDING),5.0,,1361,DN 7-08 & 28-08 & 11-09,master-stock-list-05-10
receive,9626192,ASE 70 (POCKET SLIDING),6.0,,1361,DN 7-08 & 28-08 & 11-09,master-stock-list-05-10
receive,9626193,ASE 70 (POCKET SLIDING),6.0,,1361,DN 7-08 & 28-08 & 11-09,master-stock-list-05-10
receive,9626195,ASE 70 (POCKET SLIDING),10.0,,1361,DN 7-08 & 28-08 & 11-09,master-stock-list-05-10
receive,9626196,ASE 70 (POCKET SLIDING),10.0,,1361,DN 7-08 & 28-08 & 11-09,master-stock-list-05-10
receive,9626213,ASE 70 (POCKET SLIDING),12.0,,1361,DN 7-08 & 28-08 & 11-09,master-stock-list-05-10
receive,9626617,ASE 70 (POCKET SLIDING),6.0,,1361,DN 7-08 & 28-08 & 11-09,master-stock-list-05-10
receive,9633805,ASE 70 (POCKET SLIDING),3.0,,1361,DN 7-08 & 28-08 & 11-09,master-stock-list-05-10
receive,9633806,ASE 70 (POCKET SLIDING),3.0,,1361,DN 7-08 & 28-08 & 11-09,master-stock-list-05-10
receive,9633807,ASE 70 (POCKET SLIDING),50.0,,1361,DN 7-08 & 28-08 & 11-09,master-stock-list-05-10
receive,9643167,ASE 70 (POCKET SLIDING),3.0,,1361,DN 7-08 & 28-08 & 11-09,master-stock-list-05-10
receive,9643168,ASE 70 (POCKET SLIDING),6.0,,1361,DN 7-08 & 28-08 & 11-09,master-stock-list-05-10
receive,9643174,ASE 70 (POCKET SLIDING),4.0,,1361,DN 7-08 & 28-08 & 11-09,master-stock-list-05-10
receive,9643176,ASE 70 (POCKET SLIDING),11.0,,1361,DN 7-08 & 28-08 & 11-09,master-stock-list-05-10
receive,9643177,ASE 70 (POCKET SLIDING),11.0,,1361,DN 7-08 & 28-08 & 11-09,master-stock-list-05-10
receive,9643180,ASE 70 (POCKET SLIDING),4.0,,1361,DN 7-08 & 28-08 & 11-09,master-stock-list-05-10
receive,9643181,ASE 70 (POCKET SLIDING),2.0,,1361,DN 7-08 & 28-08 & 11-09,master-stock-list-05-10
receive,9643189,ASE 70 (POCKET SLIDING),11.0,,1361,DN 7-08 & 28-08 & 11-09,master-stock-list-05-10
receive,9643193,ASE 70 (POCKET SLIDING),2.0,,1361,DN 7-08 & 28-08 & 11-09,master-stock-list-05-10
receive,9643194,ASE 70 (POCKET SLIDING),13.0,,1361,DN 7-08 & 28-08 & 11-09,master-stock-list-05-10
receive,9643195,ASE 70 (POCKET SLIDING),13.0,,1361,DN 7-08 & 28-08 & 11-09,master-stock-list-05-10
receive,9643196,ASE 70 (POCKET SLIDING),2.0,,1361,DN 7-08 & 28-08 & 11-09,master-stock-list-05-10
receive,9643200,ASE 70 (POCKET SLIDING),11.0,,1361,DN 7-08 & 28-08 & 11-09,master-stock-list-05-10
receive,9643202,ASE 70 (POCKET SLIDING),50.0,,1361,DN 7-08 & 28-08 & 11-09,master-stock-list-05-10
receive,9643203,ASE 70 (POCKET SLIDING),50.0,,1361,DN 7-08 & 28-08 & 11-09,master-stock-list-05-10
receive,9643204,ASE 70 (POCKET SLIDING),16.0,,1361,DN 7-08 & 28-08 & 11-09,master-stock-list-05-10
receive,9644717,ASE 70 (POCKET SLIDING),6.0,,1361,DN 7-08 & 28-08 & 11-09,master-stock-list-05-10
receive,9645362,ASE 70 (POCKET SLIDING),3.0,,1361,DN 7-08 & 28-08 & 11-09,master-stock-list-05-10
receive,9645368,ASE 70 (POCKET SLIDING),3.0,,1361,DN 7-08 & 28-08 & 11-09,master-stock-list-05-10
receive,9645370,ASE 70 (POCKET SLIDING),3.0,,1361,DN 7-08 & 28-08 & 11-09,master-stock-list-05-10
receive,9647594,ASE 70 (POCKET SLIDING),10.0,,1361,DN 7-08 & 28-08 & 11-09,master-stock-list-05-10
receive,9647595,ASE 70 (POCKET SLIDING),10.0,,1361,DN 7-08 & 28-08 & 11-09,master-stock-list-05-10
receive,9650457,ASE 70 (POCKET SLIDING),100.0,,1361,DN 7-08 & 28-08 & 11-09,master-stock-list-05-10
receive,9651359,ASE 70 (POCKET SLIDING),3.0,,1361,DN 7-08 & 28-08 & 11-09,master-stock-list-05-10
receive,9659956,ASE 70 (POCKET SLIDING),5.0,,1361,DN 7-08 & 28-08 & 11-09,master-stock-list-05-10
receive,9660994,ASE 70 (POCKET SLIDING),400.0,,1361,DN 7-08 & 28-08 & 11-09,master-stock-list-05-10
receive,112720,ASE 80 Lift & Slide + CW,156.0,,"Apartment 603, Kempinski Residences",DN 7-08 & 28-08 & 11-09,master-stock-list-05-10
receive,132710,ASE 80 Lift & Slide + CW,5.0,,"Apartment 603, Kempinski Residences",DN 7-08 & 28-08 & 11-09,master-stock-list-05-10
receive,138820,ASE 80 Lift & Slide + CW,5.0,,"Apartment 603, Kempinski Residences",DN 7-08 & 28-08 & 11-09,master-stock-list-05-10
receive,138880,ASE 80 Lift & Slide + CW,9.0,,"Apartment 603, Kempinski Residences",DN 7-08 & 28-08 & 11-09,master-stock-list-05-10
receive,175780,ASE 80 Lift & Slide + CW,4.0,,"Apartment 603, Kempinski Residences",DN 7-08 & 28-08 & 11-09,master-stock-list-05-10
receive,176040,ASE 80 Lift & Slide + CW,2.0,,"Apartment 603, Kempinski Residences",DN 7-08 & 28-08 & 11-09,master-stock-list-05-10
receive,184020,ASE 80 Lift & Slide + CW,12.0,,"Apartment 603, Kempinski Residences",DN 7-08 & 28-08 & 11-09,master-stock-list-05-10
receive,201316,ASE 80 Lift & Slide + CW,3.0,,"Apartment 603, Kempinski Residences",DN 7-08 & 28-08 & 11-09,master-stock-list-05-10
receive,203102,ASE 80 Lift & Slide + CW,500.0,,"Apartment 603, Kempinski Residences",DN 7-08 & 28-08 & 11-09,master-stock-list-05-10
receive,203208,ASE 80 Lift & Slide + CW,2.0,,"Apartment 603, Kempinski Residences",DN 7-08 & 28-08 & 11-09,master-stock-list-05-10
receive,205381,ASE 80 Lift & Slide + CW,100.0,,"Apartment 603, Kempinski Residences",DN 7-08 & 28-08 & 11-09,master-stock-list-05-10
receive,205437,ASE 80 Lift & Slide + CW,700.0,,"Apartment 603, Kempinski Residences",DN 7-08 & 28-08 & 11-09,master-stock-list-05-10
receive,205492,ASE 80 Lift & Slide + CW,100.0,,"Apartment 603, Kempinski Residences",DN 7-08 & 28-08 & 11-09,master-stock-list-05-10
receive,205639,ASE 80 Lift & Slide + CW,100.0,,"Apartment 603, Kempinski Residences",DN 7-08 & 28-08 & 11-09,master-stock-list-05-10
receive,205827,ASE 80 Lift & Slide + CW,300.0,,"Apartment 603, Kempinski Residences",DN 7-08 & 28-08 & 11-09,master-stock-list-05-10
receive,205895,ASE 80 Lift & Slide + CW,100.0,,"Apartment 603, Kempinski Residences",DN 7-08 & 28-08 & 11-09,master-stock-list-05-10
receive,207047,ASE 80 Lift & Slide + CW,8.0,,"Apartment 603, Kempinski Residences",DN 7-08 & 28-08 & 11-09,master-stock-list-05-10
receive,218157,ASE 80 Lift & Slide + CW,300.0,,"Apartment 603, Kempinski Residences",DN 7-08 & 28-08 & 11-09,master-stock-list-05-10
receive,219657,ASE 80 Lift & Slide + CW,1.0,,"Apartment 603, Kempinski Residences",DN 7-08 & 28-08 & 11-09,master-stock-list-05-10
receive,220328,ASE 80 Lift & Slide + CW,10.0,,"Apartment 603, Kempinski Residences",DN 7-08 & 28-08 & 11-09,master-stock-list-05-10
receive,220991,ASE 80 Lift & Slide + CW,8.0,,"Apartment 603, Kempinski Residences",DN 7-08 & 28-08 & 11-09,master-stock-list-05-10
receive,224073,ASE 80 Lift & Slide + CW,13.0,,"Apartment 603, Kempinski Residences",DN 7-08 & 28-08 & 11-09,master-stock-list-05-10
receive,225083,ASE 80 Lift & Slide + CW,100.0,,"Apartment 603, Kempinski Residences",DN 7-08 & 28-08 & 11-09,master-stock-list-05-10
receive,225089,ASE 80 Lift & Slide + CW,200.0,,"Apartment 603, Kempinski Residences",DN 7-08 & 28-08 & 11-09,master-stock-list-05-10
receive,225174,ASE 80 Lift & Slide + CW,700.0,,"Apartment 603, Kempinski Residences",DN 7-08 & 28-08 & 11-09,master-stock-list-05-10
receive,225268,ASE 80 Lift & Slide + CW,100.0,,"Apartment 603, Kempinski Residences",DN 7-08 & 28-08 & 11-09,master-stock-list-05-10
receive,235403,ASE 80 Lift & Slide + CW,16.0,,"Apartment 603, Kempinski Residences",DN 7-08 & 28-08 & 11-09,master-stock-list-05-10
receive,235405,ASE 80 Lift & Slide + CW,16.0,,"Apartment 603, Kempinski Residences",DN 7-08 & 28-08 & 11-09,master-stock-list-05-10
receive,235694,ASE 80 Lift & Slide + CW,28.0,,"Apartment 603, Kempinski Residences",DN 7-08 & 28-08 & 11-09,master-stock-list-05-10
receive,235903,ASE 80 Lift & Slide + CW,20.0,,"Apartment 603, Kempinski Residences",DN 7-08 & 28-08 & 11-09,master-stock-list-05-10
receive,238824,ASE 80 Lift & Slide + CW,40.0,,"Apartment 603, Kempinski Residences",DN 7-08 & 28-08 & 11-09,master-stock-list-05-10
receive,240458,ASE 80 Lift & Slide + CW,8.0,,"Apartment 603, Kempinski Residences",DN 7-08 & 28-08 & 11-09,master-stock-list-05-10
receive,242028,ASE 80 Lift & Slide + CW,20.0,,"Apartment 603, Kempinski Residences",DN 7-08 & 28-08 & 11-09,master-stock-list-05-10
receive,244058,ASE 80 Lift & Slide + CW,200.0,,"Apartment 603, Kempinski Residences",DN 7-08 & 28-08 & 11-09,master-stock-list-05-10
receive,244178,ASE 80 Lift & Slide + CW,100.0,,"Apartment 603, Kempinski Residences",DN 7-08 & 28-08 & 11-09,master-stock-list-05-10
receive,244669,ASE 80 Lift & Slide + CW,40.0,,"Apartment 603, Kempinski Residences",DN 7-08 & 28-08 & 11-09,master-stock-list-05-10
receive,244670,ASE 80 Lift & Slide + CW,100.0,,"Apartment 603, Kempinski Residences",DN 7-08 & 28-08 & 11-09,master-stock-list-05-10
receive,244829,ASE 80 Lift & Slide + CW,100.0,,"Apartment 603, Kempinski Residences",DN 7-08 & 28-08 & 11-09,master-stock-list-05-10
receive,244831,ASE 80 Lift & Slide + CW,32.0,,"Apartment 603, Kempinski Residences",DN 7-08 & 28-08 & 11-09,master-stock-list-05-10
receive,245059,ASE 80 Lift & Slide + CW,8.0,,"Apartment 603, Kempinski Residences",DN 7-08 & 28-08 & 11-09,master-stock-list-05-10
receive,245611,ASE 80 Lift & Slide + CW,9.0,,"Apartment 603, Kempinski Residences",DN 7-08 & 28-08 & 11-09,master-stock-list-05-10
receive,245647,ASE 80 Lift & Slide + CW,13.0,,"Apartment 603, Kempinski Residences",DN 7-08 & 28-08 & 11-09,master-stock-list-05-10
receive,245830,ASE 80 Lift & Slide + CW,100.0,,"Apartment 603, Kempinski Residences",DN 7-08 & 28-08 & 11-09,master-stock-list-05-10
receive,246472,ASE 80 Lift & Slide + CW,100.0,,"Apartment 603, Kempinski Residences",DN 7-08 & 28-08 & 11-09,master-stock-list-05-10
receive,246486,ASE 80 Lift & Slide + CW,300.0,,"Apartment 603, Kempinski Residences",DN 7-08 & 28-08 & 11-09,master-stock-list-05-10
receive,265266,ASE 80 Lift & Slide + CW,40.0,,"Apartment 603, Kempinski Residences",DN 7-08 & 28-08 & 11-09,master-stock-list-05-10
receive,265292,ASE 80 Lift & Slide + CW,100.0,,"Apartment 603, Kempinski Residences",DN 7-08 & 28-08 & 11-09,master-stock-list-05-10
receive,265365,ASE 80 Lift & Slide + CW,20.0,,"Apartment 603, Kempinski Residences",DN 7-08 & 28-08 & 11-09,master-stock-list-05-10
receive,265562,ASE 80 Lift & Slide + CW,20.0,,"Apartment 603, Kempinski Residences",DN 7-08 & 28-08 & 11-09,master-stock-list-05-10
receive,265564,ASE 80 Lift & Slide + CW,20.0,,"Apartment 603, Kempinski Residences",DN 7-08 & 28-08 & 11-09,master-stock-list-05-10
receive,265681,ASE 80 Lift & Slide + CW,8.0,,"Apartment 603, Kempinski Residences",DN 7-08 & 28-08 & 11-09,master-stock-list-05-10
receive,266561,ASE 80 Lift & Slide + CW,26.0,,"Apartment 603, Kempinski Residences",DN 7-08 & 28-08 & 11-09,master-stock-list-05-10
receive,267446,ASE 80 Lift & Slide + CW,80.0,,"Apartment 603, Kempinski Residences",DN 7-08 & 28-08 & 11-09,master-stock-list-05-10
receive,268611,ASE 80 Lift & Slide + CW,100.0,,"Apartment 603, Kempinski Residences",DN 7-08 & 28-08 & 11-09,master-stock-list-05-10
receive,269411,ASE 80 Lift & Slide + CW,8.0,,"Apartment 603, Kempinski Residences",DN 7-08 & 28-08 & 11-09,master-stock-list-05-10
receive,269414,ASE 80 Lift & Slide + CW,8.0,,"Apartment 603, Kempinski Residences",DN 7-08 & 28-08 & 11-09,master-stock-list-05-10
receive,275271,ASE 80 Lift & Slide + CW,8.0,,"Apartment 603, Kempinski Residences",DN 7-08 & 28-08 & 11-09,master-stock-list-05-10
receive,276870,ASE 80 Lift & Slide + CW,8.0,,"Apartment 603, Kempinski Residences",DN 7-08 & 28-08 & 11-09,master-stock-list-05-10
receive,276871,ASE 80 Lift & Slide + CW,8.0,,"Apartment 603, Kempinski Residences",DN 7-08 & 28-08 & 11-09,master-stock-list-05-10
receive,278034,ASE 80 Lift & Slide + CW,40.0,,"Apartment 603, Kempinski Residences",DN 7-08 & 28-08 & 11-09,master-stock-list-05-10
receive,278168,ASE 80 Lift & Slide + CW,13.0,,"Apartment 603, Kempinski Residences",DN 7-08 & 28-08 & 11-09,master-stock-list-05-10
receive,278419,ASE 80 Lift & Slide + CW,3.0,,"Apartment 603, Kempinski Residences",DN 7-08 & 28-08 & 11-09,master-stock-list-05-10
receive,278559,ASE 80 Lift & Slide + CW,26.0,,"Apartment 603, Kempinski Residences",DN 7-08 & 28-08 & 11-09,master-stock-list-05-10
receive,278602,ASE 80 Lift & Slide + CW,40.0,,"Apartment 603, Kempinski Residences",DN 7-08 & 28-08 & 11-09,master-stock-list-05-10
receive,278679,ASE 80 Lift & Slide + CW,8.0,,"Apartment 603, Kempinski Residences",DN 7-08 & 28-08 & 11-09,master-stock-list-05-10
receive,278681,ASE 80 Lift & Slide + CW,8.0,,"Apartment 603, Kempinski Residences",DN 7-08 & 28-08 & 11-09,master-stock-list-05-10
receive,281214,ASE 80 Lift & Slide + CW,8.0,,"Apartment 603, Kempinski Residences",DN 7-08 & 28-08 & 11-09,master-stock-list-05-10
receive,281295,ASE 80 Lift & Slide + CW,20.0,,"Apartment 603, Kempinski Residences",DN 7-08 & 28-08 & 11-09,master-stock-list-05-10
receive,281296,ASE 80 Lift & Slide + CW,10.0,,"Apartment 603, Kempinski Residences",DN 7-08 & 28-08 & 11-09,master-stock-list-05-10
receive,281632,ASE 80 Lift & Slide + CW,21.0,,"Apartment 603, Kempinski Residences",DN 7-08 & 28-08 & 11-09,master-stock-list-05-10
receive,281687,ASE 80 Lift & Slide + CW,1.0,,"Apartment 603, Kempinski Residences",DN 7-08 & 28-08 & 11-09,master-stock-list-05-10
receive,281697,ASE 80 Lift & Slide + CW,300.0,,"Apartment 603, Kempinski Residences",DN 7-08 & 28-08 & 11-09,master-stock-list-05-10
receive,284163,ASE 80 Lift & Slide + CW,20.0,,"Apartment 603, Kempinski Residences",DN 7-08 & 28-08 & 11-09,master-stock-list-05-10
receive,284321,ASE 80 Lift & Slide + CW,100.0,,"Apartment 603, Kempinski Residences",DN 7-08 & 28-08 & 11-09,master-stock-list-05-10
receive,284837,ASE 80 Lift & Slide + CW,100.0,,"Apartment 603, Kempinski Residences",DN 7-08 & 28-08 & 11-09,master-stock-list-05-10
receive,288775,ASE 80 Lift & Slide + CW,100.0,,"Apartment 603, Kempinski Residences",DN 7-08 & 28-08 & 11-09,master-stock-list-05-10
receive,298354,ASE 80 Lift & Slide + CW,6.0,,"Apartment 603, Kempinski Residences",DN 7-08 & 28-08 & 11-09,master-stock-list-05-10
receive,298444,ASE 80 Lift & Slide + CW,50.0,,"Apartment 603, Kempinski Residences",DN 7-08 & 28-08 & 11-09,master-stock-list-05-10
receive,298900,ASE 80 Lift & Slide + CW,3.0,,"Apartment 603, Kempinski Residences",DN 7-08 & 28-08 & 11-09,master-stock-list-05-10
receive,306300,ASE 80 Lift & Slide + CW,9.0,,"Apartment 603, Kempinski Residences",DN 7-08 & 28-08 & 11-09,master-stock-list-05-10
receive,322290,ASE 80 Lift & Slide + CW,14.0,,"Apartment 603, Kempinski Residences",DN 7-08 & 28-08 & 11-09,master-stock-list-05-10
receive,322430,ASE 80 Lift & Slide + CW,30.0,,"Apartment 603, Kempinski Residences",DN 7-08 & 28-08 & 11-09,master-stock-list-05-10
receive,345110,ASE 80 Lift & Slide + CW,13.0,,"Apartment 603, Kempinski Residences",DN 7-08 & 28-08 & 11-09,master-stock-list-05-10
receive,460680,ASE 80 Lift & Slide + CW,3.0,,"Apartment 603, Kempinski Residences",DN 7-08 & 28-08 & 11-09,master-stock-list-05-10
receive,460770,ASE 80 Lift & Slide + CW,4.0,,"Apartment 603, Kempinski Residences",DN 7-08 & 28-08 & 11-09,master-stock-list-05-10
receive,460780,ASE 80 Lift & Slide + CW,2.0,,"Apartment 603, Kempinski Residences",DN 7-08 & 28-08 & 11-09,master-stock-list-05-10
receive,477600,ASE 80 Lift & Slide + CW,121.0,,"Apartment 603, Kempinski Residences",DN 7-08 & 28-08 & 11-09,master-stock-list-05-10
receive,485990,ASE 80 Lift & Slide + CW,4.0,,"Apartment 603, Kempinski Residences",DN 7-08 & 28-08 & 11-09,master-stock-list-05-10
receive,493730,ASE 80 Lift & Slide + CW,14.0,,"Apartment 603, Kempinski Residences",DN 7-08 & 28-08 & 11-09,master-stock-list-05-10
receive,503030,ASE 80 Lift & Slide + CW,6.0,,"Apartment 603, Kempinski Residences",DN 7-08 & 28-08 & 11-09,master-stock-list-05-10
receive,503040,ASE 80 Lift & Slide + CW,8.0,,"Apartment 603, Kempinski Residences",DN 7-08 & 28-08 & 11-09,master-stock-list-05-10
receive,542000,ASE 80 Lift & Slide + CW,10.0,,"Apartment 603, Kempinski Residences",DN 7-08 & 28-08 & 11-09,master-stock-list-05-10
receive,542910,ASE 80 Lift & Slide + CW,13.0,,"Apartment 603, Kempinski Residences",DN 7-08 & 28-08 & 11-09,master-stock-list-05-10
receive,542920,ASE 80 Lift & Slide + CW,13.0,,"Apartment 603, Kempinski Residences",DN 7-08 & 28-08 & 11-09,master-stock-list-05-10
receive,542950,ASE 80 Lift & Slide + CW,5.0,,"Apartment 603, Kempinski Residences",DN 7-08 & 28-08 & 11-09,master-stock-list-05-10
receive,9665595,ASE 80 Lift & Slide + CW,5.0,,"Apartment 603, Kempinski Residences",DN 7-08 & 28-08 & 11-09,master-stock-list-05-10
receive,9665597,ASE 80 Lift & Slide + CW,5.0,,"Apartment 603, Kempinski Residences",DN 7-08 & 28-08 & 11-09,master-stock-list-05-10
receive,9665599,ASE 80 Lift & Slide + CW,2.0,,"Apartment 603, Kempinski Residences",DN 7-08 & 28-08 & 11-09,master-stock-list-05-10
receive,218779,AWS65,100.0,,"MISSING ITEM (RASHA-85, MEADOWS-09, K80)",DN 7-08 & 28-08 & 11-09,master-stock-list-05-10
receive,224079,AWS65,2.0,,"MISSING ITEM (RASHA-85, MEADOWS-09, K80)",DN 7-08 & 28-08 & 11-09,master-stock-list-05-10
receive,228376,AWS65,100.0,,"MISSING ITEM (RASHA-85, MEADOWS-09, K80)",DN 7-08 & 28-08 & 11-09,master-stock-list-05-10
receive,236044,AWS65,40.0,,"MISSING ITEM (RASHA-85, MEADOWS-09, K80)",DN 7-08 & 28-08 & 11-09,master-stock-list-05-10
receive,236249,AWS65,2.0,,"MISSING ITEM (RASHA-85, MEADOWS-09, K80)",DN 7-08 & 28-08 & 11-09,master-stock-list-05-10
receive,236965,AWS65,100.0,,"MISSING ITEM (RASHA-85, MEADOWS-09, K80)",DN 7-08 & 28-08 & 11-09,master-stock-list-05-10
receive,241260,AWS65,1.0,,"MISSING ITEM (RASHA-85, MEADOWS-09, K80)",DN 7-08 & 28-08 & 11-09,master-stock-list-05-10
receive,241280,AWS65,3.0,,"MISSING ITEM (RASHA-85, MEADOWS-09, K80)",DN 7-08 & 28-08 & 11-09,master-stock-list-05-10
receive,241463,AWS65,1.0,,"MISSING ITEM (RASHA-85, MEADOWS-09, K80)",DN 7-08 & 28-08 & 11-09,master-stock-list-05-10
receive,244379,AWS65,2.0,,"MISSING ITEM (RASHA-85, MEADOWS-09, K80)",DN 7-08 & 28-08 & 11-09,master-stock-list-05-10
receive,266806,AWS65,200.0,,"MISSING ITEM (RASHA-85, MEADOWS-09, K80)",DN 7-08 & 28-08 & 11-09,master-stock-list-05-10
receive,275122,AWS65,6.0,,"MISSING ITEM (RASHA-85, MEADOWS-09, K80)",DN 7-08 & 28-08 & 11-09,master-stock-list-05-10
receive,276199,AWS65,8.0,,"MISSING ITEM (RASHA-85, MEADOWS-09, K80)",DN 7-08 & 28-08 & 11-09,master-stock-list-05-10
receive,277098,AWS65,50.0,,"MISSING ITEM (RASHA-85, MEADOWS-09, K80)",DN 7-08 & 28-08 & 11-09,master-stock-list-05-10
receive,277377,AWS65,6.0,,"MISSING ITEM (RASHA-85, MEADOWS-09, K80)",DN 7-08 & 28-08 & 11-09,master-stock-list-05-10
receive,279639,AWS65,16.0,,"MISSING ITEM (RASHA-85, MEADOWS-09, K80)",DN 7-08 & 28-08 & 11-09,master-stock-list-05-10
receive,284129,AWS65,2.0,,"MISSING ITEM (RASHA-85, MEADOWS-09, K80)",DN 7-08 & 28-08 & 11-09,master-stock-list-05-10
receive,313570,AWS65,1.0,,"MISSING ITEM (RASHA-85, MEADOWS-09, K80)",DN 7-08 & 28-08 & 11-09,master-stock-list-05-10
receive,345230,AWS65,1.0,,"MISSING ITEM (RASHA-85, MEADOWS-09, K80)",DN 7-08 & 28-08 & 11-09,master-stock-list-05-10
receive,345330,AWS65,2.0,,"MISSING ITEM (RASHA-85, MEADOWS-09, K80)",DN 7-08 & 28-08 & 11-09,master-stock-list-05-10
receive,347290,AWS65,2.0,,"MISSING ITEM (RASHA-85, MEADOWS-09, K80)",DN 7-08 & 28-08 & 11-09,master-stock-list-05-10
receive,398040,AWS65,1.0,,"MISSING ITEM (RASHA-85, MEADOWS-09, K80)",DN 7-08 & 28-08 & 11-09,master-stock-list-05-10
receive,467860,AWS65,1.0,,"MISSING ITEM (RASHA-85, MEADOWS-09, K80)",DN 7-08 & 28-08 & 11-09,master-stock-list-05-10
receive,467910,AWS65,1.0,,"MISSING ITEM (RASHA-85, MEADOWS-09, K80)",DN 7-08 & 28-08 & 11-09,master-stock-list-05-10
receive,467920,AWS65,1.0,,"MISSING ITEM (RASHA-85, MEADOWS-09, K80)",DN 7-08 & 28-08 & 11-09,master-stock-list-05-10
receive,9639350,AWS65,2.0,,"MISSING ITEM (RASHA-85, MEADOWS-09, K80)",DN 7-08 & 28-08 & 11-09,master-stock-list-05-10
receive,205431,ASE 54 PD sliding doors,100.0,,MWADOWS-09,DN 7-08 & 28-08 & 11-09,master-stock-list-05-10
receive,205492,ASE 54 PD sliding doors,200.0,,MWADOWS-09,DN 7-08 & 28-08 & 11-09,master-stock-list-05-10
receive,220614,ASE 54 PD sliding doors,20.0,,MWADOWS-09,DN 7-08 & 28-08 & 11-09,master-stock-list-05-10
receive,238144,ASE 54 PD sliding doors,400.0,,MWADOWS-09,DN 7-08 & 28-08 & 11-09,master-stock-list-05-10
receive,268221,ASE 54 PD sliding doors,200.0,,MWADOWS-09,DN 7-08 & 28-08 & 11-09,master-stock-list-05-10
receive,269939,ASE 54 PD sliding doors,100.0,,MWADOWS-09,DN 7-08 & 28-08 & 11-09,master-stock-list-05-10
receive,288191,ASE 54 PD sliding doors,4.0,,MWADOWS-09,DN 7-08 & 28-08 & 11-09,master-stock-list-05-10
receive,295854,ASE 54 PD sliding doors,15.0,,MWADOWS-09,DN 7-08 & 28-08 & 11-09,master-stock-list-05-10
receive,295855,ASE 54 PD sliding doors,5.0,,MWADOWS-09,DN 7-08 & 28-08 & 11-09,master-stock-list-05-10
receive,295901,ASE 54 PD sliding doors,3.0,,MWADOWS-09,DN 7-08 & 28-08 & 11-09,master-stock-list-05-10
receive,295902,ASE 54 PD sliding doors,7.0,,MWADOWS-09,DN 7-08 & 28-08 & 11-09,master-stock-list-05-10
receive,298883,ASE 54 PD sliding doors,200.0,,MWADOWS-09,DN 7-08 & 28-08 & 11-09,master-stock-list-05-10
receive,359690,ASE 54 PD sliding doors,1.0,,MWADOWS-09,DN 7-08 & 28-08 & 11-09,master-stock-list-05-10
receive,550570,ASE 54 PD sliding doors,4.0,,MWADOWS-09,DN 7-08 & 28-08 & 11-09,master-stock-list-05-10
receive,585000,ASE 54 PD sliding doors,23.0,,MWADOWS-09,DN 7-08 & 28-08 & 11-09,master-stock-list-05-10
receive,585010,ASE 54 PD sliding doors,13.0,,MWADOWS-09,DN 7-08 & 28-08 & 11-09,master-stock-list-05-10
receive,585020,ASE 54 PD sliding doors,6.0,,MWADOWS-09,DN 7-08 & 28-08 & 11-09,master-stock-list-05-10
receive,585030,ASE 54 PD sliding doors,22.0,,MWADOWS-09,DN 7-08 & 28-08 & 11-09,master-stock-list-05-10
receive,585040,ASE 54 PD sliding doors,6.0,,MWADOWS-09,DN 7-08 & 28-08 & 11-09,master-stock-list-05-10
receive,585050,ASE 54 PD sliding doors,5.0,,MWADOWS-09,DN 7-08 & 28-08 & 11-09,master-stock-list-05-10
receive,585070,ASE 54 PD sliding doors,7.0,,MWADOWS-09,DN 7-08 & 28-08 & 11-09,master-stock-list-05-10
receive,585080,ASE 54 PD sliding doors,7.0,,MWADOWS-09,DN 7-08 & 28-08 & 11-09,master-stock-list-05-10
receive,585100,ASE 54 PD sliding doors,4.0,,MWADOWS-09,DN 7-08 & 28-08 & 11-09,master-stock-list-05-10
receive,585110,ASE 54 PD sliding doors,2.0,,MWADOWS-09,DN 7-08 & 28-08 & 11-09,master-stock-list-05-10
receive,585120,ASE 54 PD sliding doors,2.0,,MWADOWS-09,DN 7-08 & 28-08 & 11-09,master-stock-list-05-10
receive,585130,ASE 54 PD sliding doors,5.0,,MWADOWS-09,DN 7-08 & 28-08 & 11-09,master-stock-list-05-10
receive,585140,ASE 54 PD sliding doors,3.0,,MWADOWS-09,DN 7-08 & 28-08 & 11-09,master-stock-list-05-10
receive,585150,ASE 54 PD sliding doors,1.0,,MWADOWS-09,DN 7-08 & 28-08 & 11-09,master-stock-list-05-10
receive,585160,ASE 54 PD sliding doors,2.0,,MWADOWS-09,DN 7-08 & 28-08 & 11-09,master-stock-list-05-10
receive,585180,ASE 54 PD sliding doors,2.0,,MWADOWS-09,DN 7-08 & 28-08 & 11-09,master-stock-list-05-10
receive,585190,ASE 54 PD sliding doors,2.0,,MWADOWS-09,DN 7-08 & 28-08 & 11-09,master-stock-list-05-10
receive,585230,ASE 54 PD sliding doors,3.0,,MWADOWS-09,DN 7-08 & 28-08 & 11-09,master-stock-list-05-10
receive,585240,ASE 54 PD sliding doors,7.0,,MWADOWS-09,DN 7-08 & 28-08 & 11-09,master-stock-list-05-10
receive,585350,ASE 54 PD sliding doors,1.0,,MWADOWS-09,DN 7-08 & 28-08 & 11-09,master-stock-list-05-10
receive,9642420,ASE 54 PD sliding doors,3.0,,MWADOWS-09,DN 7-08 & 28-08 & 11-09,master-stock-list-05-10
receive,9642422,ASE 54 PD sliding doors,1.0,,MWADOWS-09,DN 7-08 & 28-08 & 11-09,master-stock-list-05-10
receive,9645370,ASE 54 PD sliding doors,3.0,,MWADOWS-09,DN 7-08 & 28-08 & 11-09,master-stock-list-05-10
receive,183070,ADS / AWS 65,4.0,,Marsa Al Arab,DN 7-08 & 28-08 & 11-09,master-stock-list-05-10
receive,184030,ADS / AWS 65,15.0,,Marsa Al Arab,DN 7-08 & 28-08 & 11-09,master-stock-list-05-10
receive,203102,ADS / AWS 65,500.0,,Marsa Al Arab,DN 7-08 & 28-08 & 11-09,master-stock-list-05-10
receive,205080,ADS / AWS 65,200.0,,Marsa Al Arab,DN 7-08 & 28-08 & 11-09,master-stock-list-05-10
receive,205081,ADS / AWS 65,100.0,,Marsa Al Arab,DN 7-08 & 28-08 & 11-09,master-stock-list-05-10
receive,205437,ADS / AWS 65,100.0,,Marsa Al Arab,DN 7-08 & 28-08 & 11-09,master-stock-list-05-10
receive,207981,ADS / AWS 65,10.0,,Marsa Al Arab,DN 7-08 & 28-08 & 11-09,master-stock-list-05-10
receive,211849,ADS / AWS 65,9.0,,Marsa Al Arab,DN 7-08 & 28-08 & 11-09,master-stock-list-05-10
receive,216418,ADS / AWS 65,20.0,,Marsa Al Arab,DN 7-08 & 28-08 & 11-09,master-stock-list-05-10
receive,216488,ADS / AWS 65,24.0,,Marsa Al Arab,DN 7-08 & 28-08 & 11-09,master-stock-list-05-10
receive,216489,ADS / AWS 65,24.0,,Marsa Al Arab,DN 7-08 & 28-08 & 11-09,master-stock-list-05-10
receive,218057,ADS / AWS 65,100.0,,Marsa Al Arab,DN 7-08 & 28-08 & 11-09,master-stock-list-05-10
receive,218157,ADS / AWS 65,200.0,,Marsa Al Arab,DN 7-08 & 28-08 & 11-09,master-stock-list-05-10
receive,218171,ADS / AWS 65,200.0,,Marsa Al Arab,DN 7-08 & 28-08 & 11-09,master-stock-list-05-10
receive,218436,ADS / AWS 65,10.0,,Marsa Al Arab,DN 7-08 & 28-08 & 11-09,master-stock-list-05-10
receive,224073,ADS / AWS 65,8.0,,Marsa Al Arab,DN 7-08 & 28-08 & 11-09,master-stock-list-05-10
receive,224135,ADS / AWS 65,40.0,,Marsa Al Arab,DN 7-08 & 28-08 & 11-09,master-stock-list-05-10
receive,224541,ADS / AWS 65,28.0,,Marsa Al Arab,DN 7-08 & 28-08 & 11-09,master-stock-list-05-10
receive,225010,ADS / AWS 65,100.0,,Marsa Al Arab,DN 7-08 & 28-08 & 11-09,master-stock-list-05-10
receive,227652,ADS / AWS 65,20.0,,Marsa Al Arab,DN 7-08 & 28-08 & 11-09,master-stock-list-05-10
receive,227812,ADS / AWS 65,5.0,,Marsa Al Arab,DN 7-08 & 28-08 & 11-09,master-stock-list-05-10
receive,236189,ADS / AWS 65,20.0,,Marsa Al Arab,DN 7-08 & 28-08 & 11-09,master-stock-list-05-10
receive,238440,ADS / AWS 65,5.0,,Marsa Al Arab,DN 7-08 & 28-08 & 11-09,master-stock-list-05-10
receive,238441,ADS / AWS 65,6.0,,Marsa Al Arab,DN 7-08 & 28-08 & 11-09,master-stock-list-05-10
receive,239298,ADS / AWS 65,30.0,,Marsa Al Arab,DN 7-08 & 28-08 & 11-09,master-stock-list-05-10
receive,239422,ADS / AWS 65,10.0,,Marsa Al Arab,DN 7-08 & 28-08 & 11-09,master-stock-list-05-10
receive,239591,ADS / AWS 65,54.0,,Marsa Al Arab,DN 7-08 & 28-08 & 11-09,master-stock-list-05-10
receive,239612,ADS / AWS 65,60.0,,Marsa Al Arab,DN 7-08 & 28-08 & 11-09,master-stock-list-05-10
receive,239615,ADS / AWS 65,108.0,,Marsa Al Arab,DN 7-08 & 28-08 & 11-09,master-stock-list-05-10
receive,239823,ADS / AWS 65,10.0,,Marsa Al Arab,DN 7-08 & 28-08 & 11-09,master-stock-list-05-10
receive,240153,ADS / AWS 65,20.0,,Marsa Al Arab,DN 7-08 & 28-08 & 11-09,master-stock-list-05-10
receive,240173,ADS / AWS 65,10.0,,Marsa Al Arab,DN 7-08 & 28-08 & 11-09,master-stock-list-05-10
receive,240613,ADS / AWS 65,5.0,,Marsa Al Arab,DN 7-08 & 28-08 & 11-09,master-stock-list-05-10
receive,240655,ADS / AWS 65,10.0,,Marsa Al Arab,DN 7-08 & 28-08 & 11-09,master-stock-list-05-10
receive,240716,ADS / AWS 65,5.0,,Marsa Al Arab,DN 7-08 & 28-08 & 11-09,master-stock-list-05-10
receive,240866,ADS / AWS 65,9.0,,Marsa Al Arab,DN 7-08 & 28-08 & 11-09,master-stock-list-05-10
receive,241282,ADS / AWS 65,5.0,,Marsa Al Arab,DN 7-08 & 28-08 & 11-09,master-stock-list-05-10
receive,242662,ADS / AWS 65,10.0,,Marsa Al Arab,DN 7-08 & 28-08 & 11-09,master-stock-list-05-10
receive,242693,ADS / AWS 65,10.0,,Marsa Al Arab,DN 7-08 & 28-08 & 11-09,master-stock-list-05-10
receive,242885,ADS / AWS 65,10.0,,Marsa Al Arab,DN 7-08 & 28-08 & 11-09,master-stock-list-05-10
receive,244182,ADS / AWS 65,200.0,,Marsa Al Arab,DN 7-08 & 28-08 & 11-09,master-stock-list-05-10
receive,244210,ADS / AWS 65,200.0,,Marsa Al Arab,DN 7-08 & 28-08 & 11-09,master-stock-list-05-10
receive,244654,ADS / AWS 65,10.0,,Marsa Al Arab,DN 7-08 & 28-08 & 11-09,master-stock-list-05-10
receive,279290,ADS / AWS 65,9.0,,Marsa Al Arab,DN 7-08 & 28-08 & 11-09,master-stock-list-05-10
receive,284129,ADS / AWS 65,26.0,,Marsa Al Arab,DN 7-08 & 28-08 & 11-09,master-stock-list-05-10
receive,284826,ADS / AWS 65,100.0,,Marsa Al Arab,DN 7-08 & 28-08 & 11-09,master-stock-list-05-10
receive,298354,ADS / AWS 65,6.0,,Marsa Al Arab,DN 7-08 & 28-08 & 11-09,master-stock-list-05-10
receive,298444,ADS / AWS 65,50.0,,Marsa Al Arab,DN 7-08 & 28-08 & 11-09,master-stock-list-05-10
receive,298900,ADS / AWS 65,3.0,,Marsa Al Arab,DN 7-08 & 28-08 & 11-09,master-stock-list-05-10
receive,302590,ADS / AWS 65,14.0,,Marsa Al Arab,DN 7-08 & 28-08 & 11-09,master-stock-list-05-10
receive,313950,ADS / AWS 65,4.0,,Marsa Al Arab,DN 7-08 & 28-08 & 11-09,master-stock-list-05-10
receive,397850,ADS / AWS 65,4.0,,Marsa Al Arab,DN 7-08 & 28-08 & 11-09,master-stock-list-05-10
receive,397890,ADS / AWS 65,14.0,,Marsa Al Arab,DN 7-08 & 28-08 & 11-09,master-stock-list-05-10
receive,398050,ADS / AWS 65,13.0,,Marsa Al Arab,DN 7-08 & 28-08 & 11-09,master-stock-list-05-10
receive,398060,ADS / AWS 65,13.0,,Marsa Al Arab,DN 7-08 & 28-08 & 11-09,master-stock-list-05-10
receive,9639350,ADS / AWS 65,2.0,,Marsa Al Arab,DN 7-08 & 28-08 & 11-09,master-stock-list-05-10
receive,240154,MTO for 54 PD stock,1.0,,Rasha + 606+Mea 9 miss access,DN 7-08 & 28-08 & 11-09,master-stock-list-05-10
receive,184040,AWS65,2.0,,SHORTAGE (C35) - SIDE HUNG WINDOWS,DN 7-08 & 28-08 & 11-09,master-stock-list-05-10
receive,184060,AWS65,4.0,,SHORTAGE (C35) - SIDE HUNG WINDOWS,DN 7-08 & 28-08 & 11-09,master-stock-list-05-10
receive,203109,AWS65,50.0,,SHORTAGE (C35) - SIDE HUNG WINDOWS,DN 7-08 & 28-08 & 11-09,master-stock-list-05-10
receive,224079,AWS65,4.0,,SHORTAGE (C35) - SIDE HUNG WINDOWS,DN 7-08 & 28-08 & 11-09,master-stock-list-05-10
receive,224085,AWS65,4.0,,SHORTAGE (C35) - SIDE HUNG WINDOWS,DN 7-08 & 28-08 & 11-09,master-stock-list-05-10
receive,224089,AWS65,8.0,,SHORTAGE (C35) - SIDE HUNG WINDOWS,DN 7-08 & 28-08 & 11-09,master-stock-list-05-10
receive,226968,AWS65,20.0,,SHORTAGE (C35) - SIDE HUNG WINDOWS,DN 7-08 & 28-08 & 11-09,master-stock-list-05-10
receive,235148,AWS65,9.0,,SHORTAGE (C35) - SIDE HUNG WINDOWS,DN 7-08 & 28-08 & 11-09,master-stock-list-05-10
receive,236199,AWS65,12.0,,SHORTAGE (C35) - SIDE HUNG WINDOWS,DN 7-08 & 28-08 & 11-09,master-stock-list-05-10
receive,244379,AWS65,4.0,,SHORTAGE (C35) - SIDE HUNG WINDOWS,DN 7-08 & 28-08 & 11-09,master-stock-list-05-10
receive,246052,AWS65,40.0,,SHORTAGE (C35) - SIDE HUNG WINDOWS,DN 7-08 & 28-08 & 11-09,master-stock-list-05-10
receive,247004,AWS65,4.0,,SHORTAGE (C35) - SIDE HUNG WINDOWS,DN 7-08 & 28-08 & 11-09,master-stock-list-05-10
receive,247083,AWS65,4.0,,SHORTAGE (C35) - SIDE HUNG WINDOWS,DN 7-08 & 28-08 & 11-09,master-stock-list-05-10
receive,277071,AWS65,10.0,,SHORTAGE (C35) - SIDE HUNG WINDOWS,DN 7-08 & 28-08 & 11-09,master-stock-list-05-10
receive,277081,AWS65,10.0,,SHORTAGE (C35) - SIDE HUNG WINDOWS,DN 7-08 & 28-08 & 11-09,master-stock-list-05-10
receive,277180,AWS65,4.0,,SHORTAGE (C35) - SIDE HUNG WINDOWS,DN 7-08 & 28-08 & 11-09,master-stock-list-05-10
receive,277538,AWS65,4.0,,SHORTAGE (C35) - SIDE HUNG WINDOWS,DN 7-08 & 28-08 & 11-09,master-stock-list-05-10
receive,277562,AWS65,8.0,,SHORTAGE (C35) - SIDE HUNG WINDOWS,DN 7-08 & 28-08 & 11-09,master-stock-list-05-10
receive,277870,AWS65,2.0,,SHORTAGE (C35) - SIDE HUNG WINDOWS,DN 7-08 & 28-08 & 11-09,master-stock-list-05-10
receive,298900,AWS65,2.0,,SHORTAGE (C35) - SIDE HUNG WINDOWS,DN 7-08 & 28-08 & 11-09,master-stock-list-05-10
receive,345110,AWS65,2.0,,SHORTAGE (C35) - SIDE HUNG WINDOWS,DN 7-08 & 28-08 & 11-09,master-stock-list-05-10
receive,345120,AWS65,4.0,,SHORTAGE (C35) - SIDE HUNG WINDOWS,DN 7-08 & 28-08 & 11-09,master-stock-list-05-10
receive,345220,AWS65,2.0,,SHORTAGE (C35) - SIDE HUNG WINDOWS,DN 7-08 & 28-08 & 11-09,master-stock-list-05-10
receive,345330,AWS65,4.0,,SHORTAGE (C35) - SIDE HUNG WINDOWS,DN 7-08 & 28-08 & 11-09,master-stock-list-05-10
receive,347280,AWS65,4.0,,SHORTAGE (C35) - SIDE HUNG WINDOWS,DN 7-08 & 28-08 & 11-09,master-stock-list-05-10
receive,347290,AWS65,4.0,,SHORTAGE (C35) - SIDE HUNG WINDOWS,DN 7-08 & 28-08 & 11-09,master-stock-list-05-10
receive,106116,ADS / AWS 65,68.0,,Stock,DN PSL076899,master-stock-list-05-10
receive,183070,ADS / AWS 65,77.0,,Stock,DN PSL076976,master-stock-list-05-10
receive,183090,ADS / AWS 65,88.0,,Stock,DN PSL076976,master-stock-list-05-10
receive,184020,ASE 55 Lift & Slide,13.0,,Stock,DN PSL076899,master-stock-list-05-10
receive,184040,ADS / AWS 65,568.0,,Stock,DN PSL076976,master-stock-list-05-10
receive,184060,ADS / AWS 65,51.0,,Stock,DN PSL076899,master-stock-list-05-10
receive,184080,ADS / AWS 65,54.0,,Stock,DN PSL076899,master-stock-list-05-10
receive,201316,ASE 36,18.0,,Stock,DN ASE 54,master-stock-list-05-10
receive,202790,ASE 54 PD,62.0,,Stock,DN PSL076812,master-stock-list-05-10
receive,203102,ADS / AWS 65,16700.0,,Stock,DN PSL076805,master-stock-list-05-10
receive,203102,ASE 55 Lift & Slide,500.0,,Stock,DN PSL076805,master-stock-list-05-10
receive,205007,ASE 70 PD.ME,300.0,,Stock,DN PSL076805,master-stock-list-05-10
receive,205080,ADS / AWS 65,2700.0,,Stock,DN PSL076805,master-stock-list-05-10
receive,205080,ASE 36,300.0,,Stock,DN ASE 54,master-stock-list-05-10
receive,205080,ASE 70 PD.ME,100.0,,Stock,DN PSL076805,master-stock-list-05-10
receive,205083,ADS / AWS 65,300.0,,Stock,DN PSL076805,master-stock-list-05-10
receive,205083,ASE 36,300.0,,Stock,DN ASE 54,master-stock-list-05-10
receive,205172,ASE 36,1300.0,,Stock,DN ASE 54,master-stock-list-05-10
receive,205174,ASE 54 PD,100.0,,Stock,DN PSL076812,master-stock-list-05-10
receive,205292,ASE 70 PD.ME,800.0,,Stock,DN PSL076805,master-stock-list-05-10
receive,205390,ASE 70 PD.ME,700.0,,Stock,DN PSL076805,master-stock-list-05-10
receive,205402,ASE 55 Lift & Slide,100.0,,Stock,DN PSL076805,master-stock-list-05-10
receive,205430,ASE 36,200.0,,Stock,DN ASE 54,master-stock-list-05-10
receive,205430,ASE 70 PD.ME,200.0,,Stock,DN PSL076805,master-stock-list-05-10
receive,205431,ADS / AWS 65,1000.0,,Stock,DN PSL076805,master-stock-list-05-10
receive,205431,ASE 36,300.0,,Stock,DN ASE 54,master-stock-list-05-10
receive,205431,ASE 54 PD,200.0,,Stock,DN PSL076812,master-stock-list-05-10
receive,205431,ASE 55 Lift & Slide,200.0,,Stock,DN PSL076805,master-stock-list-05-10
receive,205433,ADS / AWS 65,1300.0,,Stock,DN PSL076805,master-stock-list-05-10
receive,205436,ASE 70 PD.ME,5700.0,,Stock,DN PSL076805,master-stock-list-05-10
receive,205437,ADS / AWS 65,500.0,,Stock,DN PSL076805,master-stock-list-05-10
receive,205437,ASE 54 PD,100.0,,Stock,DN PSL078071 & PSL078067,master-stock-list-05-10
receive,205437,ASE 55 Lift & Slide,100.0,,Stock,DN PSL076805,master-stock-list-05-10
receive,205469,ASE 36,200.0,,Stock,DN ASE 54,master-stock-list-05-10
receive,205492,ASE 54 PD,2400.0,,Stock,DN PSL076812,master-stock-list-05-10
receive,205512,ASE 54 PD,1700.0,,Stock,DN PSL076812,master-stock-list-05-10
receive,205666,ADS / AWS 65,1600.0,,Stock,DN PSL076805,master-stock-list-05-10
receive,205876,ASE 70 PD.ME,100.0,,Stock,DN PSL076805,master-stock-list-05-10
receive,205930,ASE 70 PD.ME,500.0,,Stock,DN PSL076805,master-stock-list-05-10
receive,207047,ASE 55 Lift & Slide,6.0,,Stock,DN PSL076805,master-stock-list-05-10
receive,216386,ADS / AWS 65,12.0,,Stock,DN PSL076805,master-stock-list-05-10
receive,216387,ADS / AWS 65,12.0,,Stock,DN PSL076805,master-stock-list-05-10
receive,216415,ADS / AWS 65,204.0,,Stock,DN PSL076805,master-stock-list-05-10
receive,216418,ADS / AWS 65,232.0,,Stock,DN PSL076805,master-stock-list-05-10
receive,216488,ADS / AWS 65,12.0,,Stock,DN PSL076805,master-stock-list-05-10
receive,216489,ADS / AWS 65,12.0,,Stock,DN PSL076805,master-stock-list-05-10
receive,218057,ADS / AWS 65,500.0,,Stock,DN PSL076805,master-stock-list-05-10
receive,218156,ADS / AWS 65,1500.0,,Stock,DN PSL076805,master-stock-list-05-10
receive,218156,ASE 54 PD,1000.0,,Stock,DN PSL076812,master-stock-list-05-10
receive,218157,ADS / AWS 65,10700.0,,Stock,DN PSL076805,master-stock-list-05-10
receive,218157,ADS / AWS 65,500.0,,Stock,DN PSL076814,master-stock-list-05-10
receive,218157,ADS / AWS 65,400.0,,Stock,DN PSL078071 & PSL078067,master-stock-list-05-10
receive,218157,ASE 55 Lift & Slide,200.0,,Stock,DN PSL076805,master-stock-list-05-10
receive,218170,ADS / AWS 65,100.0,,Stock,DN PSL076805,master-stock-list-05-10
receive,218170,ASE 70 PD.ME,200.0,,Stock,DN PSL076805,master-stock-list-05-10
receive,218171,ADS / AWS 65,1400.0,,Stock,DN PSL076805,master-stock-list-05-10
receive,218805,ADS / AWS 65,160.0,,Stock,DN PSL076805,master-stock-list-05-10
receive,218893,ADS / AWS 65,190.0,,Stock,DN PSL076805,master-stock-list-05-10
receive,218897,ADS / AWS 65,40.0,,Stock,DN PSL076805,master-stock-list-05-10
receive,220614,ASE 54 PD,120.0,,Stock,DN PSL076812,master-stock-list-05-10
receive,224073,ADS / AWS 65,316.0,,Stock,DN PSL076805,master-stock-list-05-10
receive,224073,ASE 36,66.0,,Stock,DN ASE 54,master-stock-list-05-10
receive,224073,ASE 54 PD,276.0,,Stock,DN PSL076812,master-stock-list-05-10
receive,224073,ASE 70 PD.ME,776.0,,Stock,DN PSL076805,master-stock-list-05-10
receive,224079,ADS / AWS 65,265.0,,Stock,DN PSL076805,master-stock-list-05-10
receive,224083,ADS / AWS 65,206.0,,Stock,DN PSL076805,master-stock-list-05-10
receive,224085,ADS / AWS 65,506.0,,Stock,DN PSL076805,master-stock-list-05-10
receive,224085,ADS / AWS 65,13.0,,Stock,DN PSL076814,master-stock-list-05-10
receive,224087,ADS / AWS 65,268.0,,Stock,DN PSL076805,master-stock-list-05-10
receive,224087,ADS / AWS 65,13.0,,Stock,DN PSL076814,master-stock-list-05-10
receive,224089,ADS / AWS 65,325.0,,Stock,DN PSL076805,master-stock-list-05-10
receive,224093,ASE 55 Lift & Slide,66.0,,Stock,DN PSL076805,master-stock-list-05-10
receive,224135,ADS / AWS 65,160.0,,Stock,DN PSL076803,master-stock-list-05-10
receive,224197,ADS / AWS 65,100.0,,Stock,DN PSL076803,master-stock-list-05-10
receive,224310,ADS / AWS 65,2800.0,,Stock,DN PSL076803,master-stock-list-05-10
receive,224378,ASE 55 Lift & Slide,200.0,,Stock,DN PSL076803,master-stock-list-05-10
receive,224497,ASE 55 Lift & Slide,100.0,,Stock,DN PSL076805,master-stock-list-05-10
receive,224499,ASE 54 PD,400.0,,Stock,DN PSL076812,master-stock-list-05-10
receive,224499,ASE 55 Lift & Slide,200.0,,Stock,DN PSL078071 & PSL078067,master-stock-list-05-10
receive,224541,ASE 54 PD,340.0,,Stock,DN PSL076812,master-stock-list-05-10
receive,224683,ASE 36,200.0,,Stock,DN ASE 54,master-stock-list-05-10
receive,224739,ADS / AWS 65,112.0,,Stock,DN PSL076805,master-stock-list-05-10
receive,225010,ADS / AWS 65,100.0,,Stock,DN PSL076805,master-stock-list-05-10
receive,225015,ASE 70 PD.ME,300.0,,Stock,DN PSL076805,master-stock-list-05-10
receive,225089,ASE 54 PD,300.0,,Stock,DN PSL076812,master-stock-list-05-10
receive,225089,ASE 55 Lift & Slide,400.0,,Stock,DN PSL076805,master-stock-list-05-10
receive,225089,ASE 70 PD.ME,600.0,,Stock,DN PSL076805,master-stock-list-05-10
receive,225116,ASE 36,500.0,,Stock,DN ASE 54,master-stock-list-05-10
receive,225116,ASE 70 PD.ME,700.0,,Stock,DN PSL076805,master-stock-list-05-10
receive,225129,ADS / AWS 65,100.0,,Stock,DN PSL076805,master-stock-list-05-10
receive,225131,ADS / AWS 65,300.0,,Stock,DN PSL076805,master-stock-list-05-10
receive,225135,ASE 55 Lift & Slide,100.0,,Stock,DN PSL076805,master-stock-list-05-10
receive,225137,ASE 54 PD,1500.0,,Stock,DN PSL076812,master-stock-list-05-10
receive,225198,ASE 36,400.0,,Stock,DN ASE 54,master-stock-list-05-10
receive,225270,ASE 54 PD,100.0,,Stock,DN PSL076812,master-stock-list-05-10
receive,225353,ASE 55 Lift & Slide,200.0,,Stock,DN PSL076805,master-stock-list-05-10
receive,226942,ADS / AWS 65,1100.0,,Stock,DN PSL076805,master-stock-list-05-10
receive,226943,ADS / AWS 65,100.0,,Stock,DN PSL076805,master-stock-list-05-10
receive,226943,ADS / AWS 65,100.0,,Stock,DN PSL076814,master-stock-list-05-10
receive,226945,ADS / AWS 65,500.0,,Stock,DN PSL076805,master-stock-list-05-10
receive,226965,ADS / AWS 65,204.0,,Stock,DN PSL076805,master-stock-list-05-10
receive,227168,ASE 55 Lift & Slide,6.0,,Stock,DN PSL076805,master-stock-list-05-10
receive,227652,ADS / AWS 65,80.0,,Stock,DN PSL076805,master-stock-list-05-10
receive,227812,ADS / AWS 65,2.0,,Stock,DN PSL076805,master-stock-list-05-10
receive,228640,ASE 55 Lift & Slide,24.0,,Stock,DN PSL076805,master-stock-list-05-10
receive,235066,ADS / AWS 65,292.0,,Stock,DN PSL076805,master-stock-list-05-10
receive,235068,ADS / AWS 65,22.0,,Stock,DN PSL076805,master-stock-list-05-10
receive,235070,ADS / AWS 65,32.0,,Stock,DN PSL076805,master-stock-list-05-10
receive,236189,ADS / AWS 65,296.0,,Stock,DN PSL076805,master-stock-list-05-10
receive,236199,ADS / AWS 65,24.0,,Stock,DN PSL076805,master-stock-list-05-10
receive,236199,ADS / AWS 65,12.0,,Stock,DN PSL076814,master-stock-list-05-10
receive,236217,ADS / AWS 65,52.0,,Stock,DN PSL076805,master-stock-list-05-10
receive,236217,ADS / AWS 65,32.0,,Stock,DN PSL076814,master-stock-list-05-10
receive,236480,ASE 55 Lift & Slide,80.0,,Stock,DN PSL078071 & PSL078067,master-stock-list-05-10
receive,236526,ADS / AWS 65,132.0,,Stock,DN PSL076805,master-stock-list-05-10
receive,236541,ADS / AWS 65,308.0,,Stock,DN PSL076805,master-stock-list-05-10
receive,238144,ASE 54 PD,1200.0,,Stock,DN PSL076812,master-stock-list-05-10
receive,238440,ADS / AWS 65,4.0,,Stock,DN PSL076805,master-stock-list-05-10
receive,238489,ASE 36,10.0,,Stock,DN ASE 54,master-stock-list-05-10
receive,238490,ASE 55 Lift & Slide,30.0,,Stock,DN PSL076805,master-stock-list-05-10
receive,239298,ADS / AWS 65,310.0,,Stock,DN PSL076805,master-stock-list-05-10
receive,239422,ADS / AWS 65,10.0,,Stock,DN PSL076805,master-stock-list-05-10
receive,239584,ADS / AWS 65,132.0,,Stock,DN PSL076805,master-stock-list-05-10
receive,239585,ADS / AWS 65,60.0,,Stock,DN PSL076805,master-stock-list-05-10
receive,239588,ADS / AWS 65,30.0,,Stock,DN PSL076805,master-stock-list-05-10
receive,239591,ADS / AWS 65,6.0,,Stock,DN PSL076805,master-stock-list-05-10
receive,239608,ADS / AWS 65,228.0,,Stock,DN PSL076805,master-stock-list-05-10
receive,239613,ADS / AWS 65,36.0,,Stock,DN PSL076805,master-stock-list-05-10
receive,239823,ADS / AWS 65,10.0,,Stock,DN PSL076805,master-stock-list-05-10
receive,240152,ADS / AWS 65,20.0,,Stock,DN PSL076805,master-stock-list-05-10
receive,240152,ADS / AWS 65,170.0,,Stock,DN PSL078071 & PSL078067,master-stock-list-05-10
receive,240153,ADS / AWS 65,80.0,,Stock,DN PSL076805,master-stock-list-05-10
receive,240716,ADS / AWS 65,4.0,,Stock,DN PSL076805,master-stock-list-05-10
receive,240776,ASE 70 PD.ME,17.0,,Stock,DN PSL076805,master-stock-list-05-10
receive,240779,ASE 70 PD.ME,18.0,,Stock,DN PSL076805,master-stock-list-05-10
receive,240783,ASE 70 PD.ME,37.0,,Stock,DN PSL076805,master-stock-list-05-10
receive,240786,ASE 54 PD,16.0,,Stock,DN PSL076812,master-stock-list-05-10
receive,240786,ASE 70 PD.ME,19.0,,Stock,DN PSL076805,master-stock-list-05-10
receive,240787,ASE 54 PD,30.0,,Stock,DN PSL076812,master-stock-list-05-10
receive,240787,ASE 70 PD.ME,18.0,,Stock,DN PSL076805,master-stock-list-05-10
receive,240802,ASE 70 PD.ME,35.0,,Stock,DN PSL076805,master-stock-list-05-10
receive,240898,ASE 70 PD.ME,16.0,,Stock,DN PSL076805,master-stock-list-05-10
receive,240903,ASE 70 PD.ME,11.0,,Stock,DN PSL076805,master-stock-list-05-10
receive,241828,ASE 70 PD.ME,70.0,,Stock,DN PSL076805,master-stock-list-05-10
receive,242498,ADS / AWS 65,500.0,,Stock,DN PSL076805,master-stock-list-05-10
receive,242502,ADS / AWS 65,100.0,,Stock,DN PSL076805,master-stock-list-05-10
receive,242502,ADS / AWS 65,100.0,,Stock,DN PSL076814,master-stock-list-05-10
receive,242885,ADS / AWS 65,10.0,,Stock,DN PSL076805,master-stock-list-05-10
receive,244058,ADS / AWS 65,400.0,,Stock,DN PSL076803,master-stock-list-05-10
receive,244058,ASE 36,200.0,,Stock,DN ASE 54,master-stock-list-05-10
receive,244058,ASE 54 PD,1400.0,,Stock,DN PSL076812,master-stock-list-05-10
receive,244058,ASE 55 Lift & Slide,200.0,,Stock,DN PSL076803,master-stock-list-05-10
receive,244058,ASE 70 PD.ME,800.0,,Stock,DN PSL076803,master-stock-list-05-10
receive,244137,ASE 55 Lift & Slide,17.0,,Stock,DN PSL076805,master-stock-list-05-10
receive,244182,ADS / AWS 65,3400.0,,Stock,DN PSL076803,master-stock-list-05-10
receive,244182,ASE 55 Lift & Slide,200.0,,Stock,DN PSL076803,master-stock-list-05-10
receive,244199,ASE 70 PD.ME,1400.0,,Stock,DN PSL076803,master-stock-list-05-10
receive,244210,ADS / AWS 65,2200.0,,Stock,DN PSL076805,master-stock-list-05-10
receive,244379,ADS / AWS 65,56.0,,Stock,DN PSL076805,master-stock-list-05-10
receive,244381,ADS / AWS 65,56.0,,Stock,DN PSL076805,master-stock-list-05-10
receive,244511,ASE 36,200.0,,Stock,DN ASE 54,master-stock-list-05-10
receive,244654,ADS / AWS 65,20.0,,Stock,DN PSL076805,master-stock-list-05-10
receive,244669,ASE 55 Lift & Slide,40.0,,Stock,DN PSL076803,master-stock-list-05-10
receive,244775,ASE 36,200.0,,Stock,DN ASE 54,master-stock-list-05-10
receive,244806,ASE 55 Lift & Slide,200.0,,Stock,DN PSL076805,master-stock-list-05-10
receive,246052,ADS / AWS 65,320.0,,Stock,DN PSL076805,master-stock-list-05-10
receive,246145,ASE 70 PD.ME,84.0,,Stock,DN PSL076805,master-stock-list-05-10
receive,246474,ADS / AWS 65,1240.0,,Stock,DN PSL076803,master-stock-list-05-10
receive,248807,ADS / AWS 65,272.0,,Stock,DN PSL076805,master-stock-list-05-10
receive,248808,ADS / AWS 65,120.0,,Stock,DN PSL076805,master-stock-list-05-10
receive,248858,ADS / AWS 65,240.0,,Stock,DN PSL076805,master-stock-list-05-10
receive,248890,ADS / AWS 65,820.0,,Stock,DN PSL076805,master-stock-list-05-10
receive,248890,ASE 36,60.0,,Stock,DN ASE 54,master-stock-list-05-10
receive,248891,ADS / AWS 65,910.0,,Stock,DN PSL078071 & PSL078067,master-stock-list-05-10
receive,248979,ADS / AWS 65,20.0,,Stock,DN PSL076805,master-stock-list-05-10
receive,254519,ASE 36,50.0,,Stock,DN ASE 54,master-stock-list-05-10
receive,258355,ASE 54 PD,1.0,,Stock,DN PSL076812,master-stock-list-05-10
receive,265599,ASE 36,10.0,,Stock,DN ASE 54,master-stock-list-05-10
receive,265599,ASE 70 PD.ME,80.0,,Stock,DN PSL076805,master-stock-list-05-10
receive,267990,ASE 36,30.0,,Stock,DN ASE 54,master-stock-list-05-10
receive,268221,ASE 54 PD,1000.0,,Stock,DN PSL076812,master-stock-list-05-10
receive,269040,ADS / AWS 65,120.0,,Stock,DN PSL076805,master-stock-list-05-10
receive,269042,ADS / AWS 65,60.0,,Stock,DN PSL076805,master-stock-list-05-10
receive,269049,ADS / AWS 65,30.0,,Stock,DN PSL076806,master-stock-list-05-10
receive,269049,ADS / AWS 65,30.0,,Stock,DN PSL076814,master-stock-list-05-10
receive,269790,ASE 54 PD,300.0,,Stock,DN PSL076812,master-stock-list-05-10
receive,269939,ASE 54 PD,400.0,,Stock,DN PSL076812,master-stock-list-05-10
receive,269941,ASE 54 PD,52.0,,Stock,DN PSL076812,master-stock-list-05-10
receive,269946,ASE 54 PD,62.0,,Stock,DN PSL076812,master-stock-list-05-10
receive,269947,ASE 54 PD,80.0,,Stock,DN PSL076812,master-stock-list-05-10
receive,269948,ASE 54 PD,400.0,,Stock,DN PSL076812,master-stock-list-05-10
receive,275062,ADS / AWS 65,120.0,,Stock,DN PSL076805,master-stock-list-05-10
receive,275068,ADS / AWS 65,210.0,,Stock,DN PSL076814,master-stock-list-05-10
receive,275068,ASE 36,27.0,,Stock,DN ASE 54,master-stock-list-05-10
receive,275111,ADS / AWS 65,82.0,,Stock,DN PSL076805,master-stock-list-05-10
receive,275111,ADS / AWS 65,18.0,,Stock,DN PSL078071 & PSL078067,master-stock-list-05-10
receive,275116,ADS / AWS 65,204.0,,Stock,DN PSL076805,master-stock-list-05-10
receive,275116,ADS / AWS 65,6.0,,Stock,DN PSL078071 & PSL078067,master-stock-list-05-10
receive,276201,ADS / AWS 65,20.0,,Stock,DN PSL076805,master-stock-list-05-10
receive,276203,ADS / AWS 65,100.0,,Stock,DN PSL076805,master-stock-list-05-10
receive,276205,ADS / AWS 65,60.0,,Stock,DN PSL076805,master-stock-list-05-10
receive,276231,ADS / AWS 65,100.0,,Stock,DN PSL076805,master-stock-list-05-10
receive,276719,ADS / AWS 65,60.0,,Stock,DN PSL076805,master-stock-list-05-10
receive,276735,ASE 36,58.0,,Stock,DN ASE 54,master-stock-list-05-10
receive,276735,ASE 55 Lift & Slide,12.0,,Stock,DN PSL076805,master-stock-list-05-10
receive,276879,ASE 70 PD.ME,35.0,,Stock,DN PSL076805,master-stock-list-05-10
receive,277003,ADS / AWS 65,25.0,,Stock,DN PSL076805,master-stock-list-05-10
receive,277004,ADS / AWS 65,25.0,,Stock,DN PSL076805,master-stock-list-05-10
receive,277870,ADS / AWS 65,27.0,,Stock,DN PSL076805,master-stock-list-05-10
receive,278575,ADS / AWS 65,520.0,,Stock,DN PSL076805,master-stock-list-05-10
receive,281679,ASE 70 PD.ME,20.0,,Stock,DN PSL076805,master-stock-list-05-10
receive,284071,ASE 36,92.0,,Stock,DN ASE 54,master-stock-list-05-10
receive,284071,ASE 70 PD.ME,112.0,,Stock,DN PSL076805,master-stock-list-05-10
receive,284077,ASE 55 Lift & Slide,14.0,,Stock,DN PSL076805,master-stock-list-05-10
receive,284079,ASE 54 PD,246.0,,Stock,DN PSL076812,master-stock-list-05-10
receive,284085,ASE 55 Lift & Slide,17.0,,Stock,DN PSL076805,master-stock-list-05-10
receive,284129,ADS / AWS 65,616.0,,Stock,DN PSL076805,master-stock-list-05-10
receive,284217,ADS / AWS 65,9.0,,Stock,DN PSL076805,master-stock-list-05-10
receive,284262,ASE 36,80.0,,Stock,DN ASE 54,master-stock-list-05-10
receive,284819,ASE 36,112.0,,Stock,DN ASE 54,master-stock-list-05-10
receive,284819,ASE 70 PD.ME,312.0,,Stock,DN PSL076805,master-stock-list-05-10
receive,284826,ADS / AWS 65,1200.0,,Stock,DN PSL076805,master-stock-list-05-10
receive,288166,ADS / AWS 65,320.0,,Stock,DN PSL076805,master-stock-list-05-10
receive,288167,ADS / AWS 65,800.0,,Stock,DN PSL076805,master-stock-list-05-10
receive,288180,ASE 70 PD.ME,42.0,,Stock,DN PSL076805,master-stock-list-05-10
receive,288181,ASE 70 PD.ME,40.0,,Stock,DN PSL078071 & PSL078067,master-stock-list-05-10
receive,288190,ASE 36,54.0,,Stock,DN ASE 54,master-stock-list-05-10
receive,288190,ASE 54 PD,54.0,,Stock,DN PSL076812,master-stock-list-05-10
receive,288191,ASE 36,14.0,,Stock,DN ASE 54,master-stock-list-05-10
receive,288191,ASE 54 PD,15.0,,Stock,DN PSL076812,master-stock-list-05-10
receive,291009,ASE 70 PD.ME,1760.0,,Stock,DN PSL076805,master-stock-list-05-10
receive,295194,ASE 54 PD,115.0,,Stock,DN PSL076812,master-stock-list-05-10
receive,295195,ASE 54 PD,70.0,,Stock,DN PSL076812,master-stock-list-05-10
receive,295854,ASE 54 PD,65.0,,Stock,DN PSL076812,master-stock-list-05-10
receive,295855,ASE 54 PD,60.0,,Stock,DN PSL076812,master-stock-list-05-10
receive,295856,ASE 54 PD,130.0,,Stock,DN PSL076812,master-stock-list-05-10
receive,295869,ASE 54 PD,35.0,,Stock,DN PSL076812,master-stock-list-05-10
receive,295873,ASE 54 PD,3400.0,,Stock,DN PSL076812,master-stock-list-05-10
receive,295901,ASE 54 PD,57.0,,Stock,DN PSL076812,master-stock-list-05-10
receive,295902,ASE 54 PD,62.0,,Stock,DN PSL076812,master-stock-list-05-10
receive,296756,ASE 36,1.0,,Stock,DN ASE 54,master-stock-list-05-10
receive,296756,ASE 54 PD,1.0,,Stock,DN PSL076812,master-stock-list-05-10
receive,298354,ADS / AWS 65,30.0,,Stock,DN PSL076805,master-stock-list-05-10
receive,298354,ASE 36,36.0,,Stock,DN ASE 54,master-stock-list-05-10
receive,298354,ASE 54 PD,30.0,,Stock,DN PSL076812,master-stock-list-05-10
receive,298354,ASE 55 Lift & Slide,6.0,,Stock,DN PSL076805,master-stock-list-05-10
receive,298354,ASE 70 PD.ME,12.0,,Stock,DN PSL076805,master-stock-list-05-10
receive,298444,ADS / AWS 65,50.0,,Stock,DN PSL076805,master-stock-list-05-10
receive,298444,ASE 36,150.0,,Stock,DN ASE 54,master-stock-list-05-10
receive,298444,ASE 54 PD,50.0,,Stock,DN PSL076812,master-stock-list-05-10
receive,298444,ASE 55 Lift & Slide,50.0,,Stock,DN PSL076805,master-stock-list-05-10
receive,298444,ASE 70 PD.ME,50.0,,Stock,DN PSL076805,master-stock-list-05-10
receive,298883,ASE 54 PD,1500.0,,Stock,DN PSL076812,master-stock-list-05-10
receive,298892,ASE 54 PD,1500.0,,Stock,DN PSL076812,master-stock-list-05-10
receive,298892,ASE 70 PD.ME,1100.0,,Stock,DN PSL076805,master-stock-list-05-10
receive,298900,ADS / AWS 65,29.0,,Stock,DN PSL076805,master-stock-list-05-10
receive,298900,ASE 36,3.0,,Stock,DN ASE 54,master-stock-list-05-10
receive,298900,ASE 55 Lift & Slide,3.0,,Stock,DN PSL076805,master-stock-list-05-10
receive,298900,ASE 70 PD.ME,25.0,,Stock,DN PSL076805,master-stock-list-05-10
receive,306300,ASE 55 Lift & Slide,7.0,,Stock,DN PSL076899,master-stock-list-05-10
receive,308380,ASE 36,1.0,,Stock,DN ASE 54,master-stock-list-05-10
receive,308820,ASE 55 Lift & Slide,2.0,,Stock,DN PSL076899,master-stock-list-05-10
receive,313950,ADS / AWS 65,21.0,,Stock,DN PSL076899,master-stock-list-05-10
receive,335140,ASE 36,30.0,,Stock,DN ASE 54,master-stock-list-05-10
receive,345110,ADS / AWS 65,3.0,,Stock,DN PSL076899,master-stock-list-05-10
receive,345120,ADS / AWS 65,25.0,,Stock,DN PSL076899,master-stock-list-05-10
receive,345130,ADS / AWS 65,6.0,,Stock,DN PSL076899,master-stock-list-05-10
receive,345220,ADS / AWS 65,3.0,,Stock,DN PSL076899,master-stock-list-05-10
receive,345230,ADS / AWS 65,11.0,,Stock,DN PSL076899,master-stock-list-05-10
receive,345280,ADS / AWS 65,224.0,,Stock,DN PSL076976,master-stock-list-05-10
receive,345330,ADS / AWS 65,56.0,,Stock,DN PSL076899,master-stock-list-05-10
receive,346270,ADS / AWS 65,56.0,,Stock,DN PSL076899,master-stock-list-05-10
receive,346330,ADS / AWS 65,6.0,,Stock,DN PSL076899,master-stock-list-05-10
receive,347120,ADS / AWS 65,215.0,,Stock,DN PSL076899,master-stock-list-05-10
receive,347280,ADS / AWS 65,14.0,,Stock,DN PSL076899,master-stock-list-05-10
receive,359690,ASE 54 PD,8.0,,Stock,DN PSL076894,master-stock-list-05-10
receive,391440,ADS / AWS 65,260.0,,Stock,DN PSL076899,master-stock-list-05-10
receive,391440,ADS / AWS 65,13.0,,Stock,DN PSL076900,master-stock-list-05-10
receive,391470,ADS / AWS 65,260.0,,Stock,DN PSL076899,master-stock-list-05-10
receive,391470,ADS / AWS 65,13.0,,Stock,DN PSL076900,master-stock-list-05-10
receive,391490,ADS / AWS 65,9.0,,Stock,DN PSL076899,master-stock-list-05-10
receive,391490,ADS / AWS 65,218.0,,Stock,DN PSL076976,master-stock-list-05-10
receive,391510,ADS / AWS 65,9.0,,Stock,DN PSL076899,master-stock-list-05-10
receive,391520,ADS / AWS 65,219.0,,Stock,DN PSL076976,master-stock-list-05-10
receive,391760,ADS / AWS 65,8.0,,Stock,DN PSL076899,master-stock-list-05-10
receive,391770,ADS / AWS 65,8.0,,Stock,DN PSL076899,master-stock-list-05-10
receive,391780,ADS / AWS 65,56.0,,Stock,DN PSL076899,master-stock-list-05-10
receive,391790,ADS / AWS 65,56.0,,Stock,DN PSL076899,master-stock-list-05-10
receive,397850,ADS / AWS 65,77.0,,Stock,DN PSL076976,master-stock-list-05-10
receive,397880,ADS / AWS 65,88.0,,Stock,DN PSL076976,master-stock-list-05-10
receive,398010,ADS / AWS 65,197.0,,Stock,DN PSL076976,master-stock-list-05-10
receive,398020,ADS / AWS 65,195.0,,Stock,DN PSL076976,master-stock-list-05-10
receive,398050,ADS / AWS 65,112.0,,Stock,DN PSL076976,master-stock-list-05-10
receive,398060,ADS / AWS 65,112.0,,Stock,DN PSL076976,master-stock-list-05-10
receive,398200,ADS / AWS 65,12.0,,Stock,DN PSL076899,master-stock-list-05-10
receive,398200,ADS / AWS 65,1.0,,Stock,DN PSL078095,master-stock-list-05-10
receive,398210,ADS / AWS 65,13.0,,Stock,DN PSL076899,master-stock-list-05-10
receive,446410,ADS / AWS 65,56.0,,Stock,DN PSL076805,master-stock-list-05-10
receive,446510,ADS / AWS 65,56.0,,Stock,DN PSL076805,master-stock-list-05-10
receive,538260,ASE 54 PD,123.0,,Stock,DN PSL076894,master-stock-list-05-10
receive,550570,ASE 54 PD,30.0,,Stock,DN PSL076894,master-stock-list-05-10
receive,585000,ASE 54 PD,245.0,,Stock,DN PSL076894,master-stock-list-05-10
receive,585010,ASE 54 PD,144.0,,Stock,DN PSL076894,master-stock-list-05-10
receive,585020,ASE 54 PD,31.0,,Stock,DN PSL076894,master-stock-list-05-10
receive,585030,ASE 54 PD,188.0,,Stock,DN PSL076894,master-stock-list-05-10
receive,585040,ASE 54 PD,64.0,,Stock,DN PSL076894,master-stock-list-05-10
receive,585050,ASE 54 PD,62.0,,Stock,DN PSL076894,master-stock-list-05-10
receive,585060,ASE 54 PD,7.0,,Stock,DN PSL076894,master-stock-list-05-10
receive,585070,ASE 54 PD,145.0,,Stock,DN PSL076894,master-stock-list-05-10
receive,585080,ASE 54 PD,66.0,,Stock,DN PSL076894,master-stock-list-05-10
receive,585100,ASE 54 PD,18.0,,Stock,DN PSL076894,master-stock-list-05-10
receive,585110,ASE 54 PD,19.0,,Stock,DN PSL076894,master-stock-list-05-10
receive,585120,ASE 54 PD,16.0,,Stock,DN PSL076894,master-stock-list-05-10
receive,585130,ASE 54 PD,55.0,,Stock,DN PSL076894,master-stock-list-05-10
receive,585140,ASE 54 PD,41.0,,Stock,DN PSL076894,master-stock-list-05-10
receive,585150,ASE 54 PD,7.0,,Stock,DN PSL076894,master-stock-list-05-10
receive,585210,ASE 54 PD,22.0,,Stock,DN PSL076894,master-stock-list-05-10
receive,585230,ASE 54 PD,40.0,,Stock,DN PSL076894,master-stock-list-05-10
receive,585240,ASE 54 PD,66.0,,Stock,DN PSL076894,master-stock-list-05-10
receive,585310,ASE 54 PD,40.0,,Stock,DN PSL076895,master-stock-list-05-10
receive,585340,ASE 54 PD,1.0,,Stock,DN PSL076895,master-stock-list-05-10
receive,585350,ASE 54 PD,1.0,,Stock,DN PSL076894,master-stock-list-05-10
receive,585360,ASE 54 PD,1.0,,Stock,DN PSL076894,master-stock-list-05-10
receive,9626192,ASE 70 PD.ME,148.0,,Stock,DN PSL076976,master-stock-list-05-10
receive,9626193,ASE 70 PD.ME,75.0,,Stock,DN PSL076976,master-stock-list-05-10
receive,9626195,ASE 70 PD.ME,5.0,,Stock,DN PSL076899,master-stock-list-05-10
receive,9626195,ASE 70 PD.ME,78.0,,Stock,DN PSL076976,master-stock-list-05-10
receive,9626196,ASE 70 PD.ME,46.0,,Stock,DN PSL076976,master-stock-list-05-10
receive,9626201,ASE 70 PD.ME,38.0,,Stock,DN PSL076899,master-stock-list-05-10
receive,9626213,ASE 70 PD.ME,90.0,,Stock,DN PSL076899,master-stock-list-05-10
receive,9626617,ASE 70 PD.ME,5.0,,Stock,DN PSL076805,master-stock-list-05-10
receive,9633805,ASE 70 PD.ME,37.0,,Stock,DN PSL076899,master-stock-list-05-10
receive,9633806,ASE 70 PD.ME,37.0,,Stock,DN PSL076899,master-stock-list-05-10
receive,9633807,ASE 70 PD.ME,150.0,,Stock,DN PSL076803,master-stock-list-05-10
receive,9638547,ASE 36,54.0,,Stock,DN ASE 54,master-stock-list-05-10
receive,9638549,ASE 36,22.0,,Stock,DN ASE 54,master-stock-list-05-10
receive,9638551,ASE 36,5.0,,Stock,DN ASE 54,master-stock-list-05-10
receive,9638553,ASE 36,57.0,,Stock,DN ASE 54,master-stock-list-05-10
receive,9638555,ASE 36,9.0,,Stock,DN ASE 54,master-stock-list-05-10
receive,9638557,ASE 36,3.0,,Stock,DN ASE 54,master-stock-list-05-10
receive,9638563,ASE 36,18.0,,Stock,DN ASE 54,master-stock-list-05-10
receive,9638565,ASE 36,10.0,,Stock,DN ASE 54,master-stock-list-05-10
receive,9638566,ASE 36,6.0,,Stock,DN ASE 54,master-stock-list-05-10
receive,9638567,ASE 36,9.0,,Stock,DN ASE 54,master-stock-list-05-10
receive,9638568,ASE 36,4.0,,Stock,DN ASE 54,master-stock-list-05-10
receive,9639350,ADS / AWS 65,29.0,,Stock,DN PSL076899,master-stock-list-05-10
receive,9640297,ASE 36,108.0,,Stock,DN ASE 54,master-stock-list-05-10
receive,9640298,ASE 36,64.0,,Stock,DN ASE 54,master-stock-list-05-10
receive,9640307,ASE 36,60.0,,Stock,DN ASE 54,master-stock-list-05-10
receive,9642410,ASE 55 Lift & Slide,17.0,,Stock,DN PSL076899,master-stock-list-05-10
receive,9642411,ASE 55 Lift & Slide,17.0,,Stock,DN PSL076899,master-stock-list-05-10
receive,9642418,ASE 55 Lift & Slide,13.0,,Stock,DN PSL076899,master-stock-list-05-10
receive,9642420,ASE 55 Lift & Slide,7.0,,Stock,DN PSL076899,master-stock-list-05-10
receive,9642422,ASE 55 Lift & Slide,2.0,,Stock,DN PSL076899,master-stock-list-05-10
receive,9642426,ASE 55 Lift & Slide,2.0,,Stock,DN PSL076899,master-stock-list-05-10
receive,9642596,ASE 55 Lift & Slide,100.0,,Stock,DN PSL076805,master-stock-list-05-10
receive,9642598,ASE 55 Lift & Slide,10.0,,Stock,DN PSL076805,master-stock-list-05-10
receive,9642767,ASE 55 Lift & Slide,100.0,,Stock,DN PSL076805,master-stock-list-05-10
receive,9642828,ASE 55 Lift & Slide,7.0,,Stock,DN PSL076899,master-stock-list-05-10
receive,9642834,ASE 55 Lift & Slide,13.0,,Stock,DN PSL076899,master-stock-list-05-10
receive,9642835,ASE 55 Lift & Slide,2.0,,Stock,DN PSL076899,master-stock-list-05-10
receive,9642836,ASE 55 Lift & Slide,13.0,,Stock,DN PSL076805,master-stock-list-05-10
receive,9642862,ASE 55 Lift & Slide,7.0,,Stock,DN PSL076899,master-stock-list-05-10
receive,9643016,ASE 55 Lift & Slide,7.0,,Stock,DN PSL076899,master-stock-list-05-10
receive,9643167,ASE 70 PD.ME,38.0,,Stock,DN PSL076976,master-stock-list-05-10
receive,9643168,ASE 70 PD.ME,46.0,,Stock,DN PSL076976,master-stock-list-05-10
receive,9643171,ASE 70 PD.ME,26.0,,Stock,DN PSL076899,master-stock-list-05-10
receive,9643172,ASE 70 PD.ME,13.0,,Stock,DN PSL076899,master-stock-list-05-10
receive,9643174,ASE 70 PD.ME,49.0,,Stock,DN PSL076899,master-stock-list-05-10
receive,9643176,ASE 70 PD.ME,42.0,,Stock,DN PSL076899,master-stock-list-05-10
receive,9643177,ASE 70 PD.ME,42.0,,Stock,DN PSL076899,master-stock-list-05-10
receive,9643180,ASE 70 PD.ME,30.0,,Stock,DN PSL076899,master-stock-list-05-10
receive,9643181,ASE 70 PD.ME,15.0,,Stock,DN PSL076899,master-stock-list-05-10
receive,9643189,ASE 70 PD.ME,44.0,,Stock,DN PSL076976,master-stock-list-05-10
receive,9643193,ASE 70 PD.ME,21.0,,Stock,DN PSL076899,master-stock-list-05-10
receive,9643194,ASE 70 PD.ME,42.0,,Stock,DN PSL076899,master-stock-list-05-10
receive,9643195,ASE 70 PD.ME,42.0,,Stock,DN PSL076899,master-stock-list-05-10
receive,9643196,ASE 70 PD.ME,14.0,,Stock,DN PSL076899,master-stock-list-05-10
receive,9643197,ASE 70 PD.ME,2.0,,Stock,DN PSL076899,master-stock-list-05-10
receive,9643198,ASE 70 PD.ME,17.0,,Stock,DN PSL076899,master-stock-list-05-10
receive,9643199,ASE 70 PD.ME,3.0,,Stock,DN PSL076899,master-stock-list-05-10
receive,9643200,ASE 70 PD.ME,84.0,,Stock,DN PSL076805,master-stock-list-05-10
receive,9643202,ASE 70 PD.ME,250.0,,Stock,DN PSL076803,master-stock-list-05-10
receive,9643203,ASE 70 PD.ME,250.0,,Stock,DN PSL076803,master-stock-list-05-10
receive,9643204,ASE 70 PD.ME,80.0,,Stock,DN PSL076805,master-stock-list-05-10
receive,9643726,ASE 55 Lift & Slide,9.0,,Stock,DN PSL076899,master-stock-list-05-10
receive,9643749,ASE 55 Lift & Slide,7.0,,Stock,DN PSL076899,master-stock-list-05-10
receive,9643750,ASE 55 Lift & Slide,1.0,,Stock,DN PSL076899,master-stock-list-05-10
receive,9643756,ASE 55 Lift & Slide,2.0,,Stock,DN PSL076899,master-stock-list-05-10
receive,9643765,ASE 55 Lift & Slide,7.0,,Stock,DN PSL076805,master-stock-list-05-10
receive,9643766,ASE 55 Lift & Slide,19.0,,Stock,DN PSL076805,master-stock-list-05-10
receive,9643767,ASE 55 Lift & Slide,20.0,,Stock,DN PSL076805,master-stock-list-05-10
receive,9643771,ASE 55 Lift & Slide,7.0,,Stock,DN PSL076805,master-stock-list-05-10
receive,9644717,ASE 70 PD.ME,39.0,,Stock,DN PSL076976,master-stock-list-05-10
receive,9645362,ASE 70 PD.ME,39.0,,Stock,DN PSL076976,master-stock-list-05-10
receive,9645368,ASE 70 PD.ME,20.0,,Stock,DN PSL076976,master-stock-list-05-10
receive,9645370,ASE 70 PD.ME,37.0,,Stock,DN PSL076899,master-stock-list-05-10
receive,9647158,ASE 55 Lift & Slide,3.0,,Stock,DN PSL076805,master-stock-list-05-10
receive,9647594,ASE 70 PD.ME,48.0,,Stock,DN PSL076899,master-stock-list-05-10
receive,9647595,ASE 70 PD.ME,48.0,,Stock,DN PSL076899,master-stock-list-05-10
receive,9648147,ASE 36,27.0,,Stock,DN ASE 54,master-stock-list-05-10
receive,9648161,ASE 36,800.0,,Stock,DN ASE 54,master-stock-list-05-10
receive,9648162,ASE 36,14.0,,Stock,DN ASE 54,master-stock-list-05-10
receive,9648164,ASE 36,100.0,,Stock,DN ASE 54,master-stock-list-05-10
receive,9648167,ASE 36,50.0,,Stock,DN ASE 54,master-stock-list-05-10
receive,9648168,ASE 36,50.0,,Stock,DN ASE 54,master-stock-list-05-10
receive,9648170,ASE 36,150.0,,Stock,DN ASE 54,master-stock-list-05-10
receive,9648621,ASE 55 Lift & Slide,5.0,,Stock,DN PSL076899,master-stock-list-05-10
receive,9648621,ASE 55 Lift & Slide,1.0,,Stock,DN PSL078095,master-stock-list-05-10
receive,9648625,ASE 55 Lift & Slide,30.0,,Stock,DN PSL076805,master-stock-list-05-10
receive,9649621,ASE 36,13.0,,Stock,DN ASE 54,master-stock-list-05-10
receive,9649622,ASE 36,14.0,,Stock,DN ASE 54,master-stock-list-05-10
receive,9649623,ASE 36,13.0,,Stock,DN ASE 54,master-stock-list-05-10
receive,9649624,ASE 36,14.0,,Stock,DN ASE 54,master-stock-list-05-10
receive,9649625,ASE 36,13.0,,Stock,DN ASE 54,master-stock-list-05-10
receive,9649626,ASE 36,14.0,,Stock,DN ASE 54,master-stock-list-05-10
receive,9649627,ASE 36,54.0,,Stock,DN ASE 54,master-stock-list-05-10
receive,9649628,ASE 36,12.0,,Stock,DN ASE 54,master-stock-list-05-10
receive,9649629,ASE 36,13.0,,Stock,DN ASE 54,master-stock-list-05-10
receive,9650457,ASE 36,600.0,,Stock,DN ASE 54,master-stock-list-05-10
receive,9650457,ASE 70 PD.ME,1400.0,,Stock,DN PSL076805,master-stock-list-05-10
receive,9650481,ASE 55 Lift & Slide,10.0,,Stock,DN PSL078071 & PSL078067,master-stock-list-05-10
receive,9650484,ASE 55 Lift & Slide,3.0,,Stock,DN PSL076805,master-stock-list-05-10
receive,9650487,ASE 55 Lift & Slide,3.0,,Stock,DN PSL078071 & PSL078067,master-stock-list-05-10
receive,9650488,ASE 55 Lift & Slide,20.0,,Stock,DN PSL076805,master-stock-list-05-10
receive,9651248,ASE 36,100.0,,Stock,DN ASE 54,master-stock-list-05-10
receive,9654598,ASE 36,10.0,,Stock,DN ASE 54,master-stock-list-05-10
receive,9654599,ASE 36,17.0,,Stock,DN ASE 54,master-stock-list-05-10
receive,9655380,ASE 36,5.0,,Stock,DN ASE 54,master-stock-list-05-10
receive,9655841,ASE 36,200.0,,Stock,DN ASE 54,master-stock-list-05-10
receive,9657617,ASE 36,60.0,,Stock,DN ASE 54,master-stock-list-05-10
receive,9658293,ASE 36,30.0,,Stock,DN ASE 54,master-stock-list-05-10
receive,9659956,ASE 70 PD.ME,25.0,,Stock,DN PSL076899,master-stock-list-05-10
receive,9660994,ASE 70 PD.ME,1760.0,,Stock,DN PSL076805,master-stock-list-05-10
receive,183070,ADS 65 HINGED DOOR,3.0,,"VILLA 14,  MIRADOR A",DN 7-08 & 28-08 & 11-09,master-stock-list-05-10
receive,183090,ADS 65 HINGED DOOR,9.0,,"VILLA 14,  MIRADOR A",DN 7-08 & 28-08 & 11-09,master-stock-list-05-10
receive,183950,ADS 65 HINGED DOOR,3.0,,"VILLA 14,  MIRADOR A",DN 7-08 & 28-08 & 11-09,master-stock-list-05-10
receive,184040,ADS 65 HINGED DOOR,14.0,,"VILLA 14,  MIRADOR A",DN 7-08 & 28-08 & 11-09,master-stock-list-05-10
receive,188050,ADS 65 HINGED DOOR,3.0,,"VILLA 14,  MIRADOR A",DN 7-08 & 28-08 & 11-09,master-stock-list-05-10
receive,188920,ADS 65 HINGED DOOR,3.0,,"VILLA 14,  MIRADOR A",DN 7-08 & 28-08 & 11-09,master-stock-list-05-10
receive,203102,ADS 65 HINGED DOOR,400.0,,"VILLA 14,  MIRADOR A",DN 7-08 & 28-08 & 11-09,master-stock-list-05-10
receive,205080,ADS 65 HINGED DOOR,100.0,,"VILLA 14,  MIRADOR A",DN 7-08 & 28-08 & 11-09,master-stock-list-05-10
receive,205081,ADS 65 HINGED DOOR,100.0,,"VILLA 14,  MIRADOR A",DN 7-08 & 28-08 & 11-09,master-stock-list-05-10
receive,205083,ADS 65 HINGED DOOR,100.0,,"VILLA 14,  MIRADOR A",DN 7-08 & 28-08 & 11-09,master-stock-list-05-10
receive,207981,ADS 65 HINGED DOOR,10.0,,"VILLA 14,  MIRADOR A",DN 7-08 & 28-08 & 11-09,master-stock-list-05-10
receive,211849,ADS 65 HINGED DOOR,1.0,,"VILLA 14,  MIRADOR A",DN 7-08 & 28-08 & 11-09,master-stock-list-05-10
receive,212982,ADS 65 HINGED DOOR,10.0,,"VILLA 14,  MIRADOR A",DN 7-08 & 28-08 & 11-09,master-stock-list-05-10
receive,216418,ADS 65 HINGED DOOR,4.0,,"VILLA 14,  MIRADOR A",DN 7-08 & 28-08 & 11-09,master-stock-list-05-10
receive,216488,ADS 65 HINGED DOOR,20.0,,"VILLA 14,  MIRADOR A",DN 7-08 & 28-08 & 11-09,master-stock-list-05-10
receive,216593,ADS 65 HINGED DOOR,20.0,,"VILLA 14,  MIRADOR A",DN 7-08 & 28-08 & 11-09,master-stock-list-05-10
receive,218057,ADS 65 HINGED DOOR,100.0,,"VILLA 14,  MIRADOR A",DN 7-08 & 28-08 & 11-09,master-stock-list-05-10
receive,218157,ADS 65 HINGED DOOR,200.0,,"VILLA 14,  MIRADOR A",DN 7-08 & 28-08 & 11-09,master-stock-list-05-10
receive,218166,ADS 65 HINGED DOOR,100.0,,"VILLA 14,  MIRADOR A",DN 7-08 & 28-08 & 11-09,master-stock-list-05-10
receive,218171,ADS 65 HINGED DOOR,100.0,,"VILLA 14,  MIRADOR A",DN 7-08 & 28-08 & 11-09,master-stock-list-05-10
receive,218896,ADS 65 HINGED DOOR,10.0,,"VILLA 14,  MIRADOR A",DN 7-08 & 28-08 & 11-09,master-stock-list-05-10
receive,224073,ADS 65 HINGED DOOR,30.0,,"VILLA 14,  MIRADOR A",DN 7-08 & 28-08 & 11-09,master-stock-list-05-10
receive,224135,ADS 65 HINGED DOOR,40.0,,"VILLA 14,  MIRADOR A",DN 7-08 & 28-08 & 11-09,master-stock-list-05-10
receive,225010,ADS 65 HINGED DOOR,100.0,,"VILLA 14,  MIRADOR A",DN 7-08 & 28-08 & 11-09,master-stock-list-05-10
receive,227147,ADS 65 HINGED DOOR,5.0,,"VILLA 14,  MIRADOR A",DN 7-08 & 28-08 & 11-09,master-stock-list-05-10
receive,227149,ADS 65 HINGED DOOR,2.0,,"VILLA 14,  MIRADOR A",DN 7-08 & 28-08 & 11-09,master-stock-list-05-10
receive,227812,ADS 65 HINGED DOOR,2.0,,"VILLA 14,  MIRADOR A",DN 7-08 & 28-08 & 11-09,master-stock-list-05-10
receive,236189,ADS 65 HINGED DOOR,8.0,,"VILLA 14,  MIRADOR A",DN 7-08 & 28-08 & 11-09,master-stock-list-05-10
receive,236190,ADS 65 HINGED DOOR,8.0,,"VILLA 14,  MIRADOR A",DN 7-08 & 28-08 & 11-09,master-stock-list-05-10
receive,236249,ADS 65 HINGED DOOR,6.0,,"VILLA 14,  MIRADOR A",DN 7-08 & 28-08 & 11-09,master-stock-list-05-10
receive,236414,ADS 65 HINGED DOOR,10.0,,"VILLA 14,  MIRADOR A",DN 7-08 & 28-08 & 11-09,master-stock-list-05-10
receive,239422,ADS 65 HINGED DOOR,10.0,,"VILLA 14,  MIRADOR A",DN 7-08 & 28-08 & 11-09,master-stock-list-05-10
receive,239593,ADS 65 HINGED DOOR,27.0,,"VILLA 14,  MIRADOR A",DN 7-08 & 28-08 & 11-09,master-stock-list-05-10
receive,239612,ADS 65 HINGED DOOR,36.0,,"VILLA 14,  MIRADOR A",DN 7-08 & 28-08 & 11-09,master-stock-list-05-10
receive,239613,ADS 65 HINGED DOOR,12.0,,"VILLA 14,  MIRADOR A",DN 7-08 & 28-08 & 11-09,master-stock-list-05-10
receive,239615,ADS 65 HINGED DOOR,48.0,,"VILLA 14,  MIRADOR A",DN 7-08 & 28-08 & 11-09,master-stock-list-05-10
receive,239823,ADS 65 HINGED DOOR,10.0,,"VILLA 14,  MIRADOR A",DN 7-08 & 28-08 & 11-09,master-stock-list-05-10
receive,240155,ADS 65 HINGED DOOR,10.0,,"VILLA 14,  MIRADOR A",DN 7-08 & 28-08 & 11-09,master-stock-list-05-10
receive,240613,ADS 65 HINGED DOOR,4.0,,"VILLA 14,  MIRADOR A",DN 7-08 & 28-08 & 11-09,master-stock-list-05-10
receive,240716,ADS 65 HINGED DOOR,4.0,,"VILLA 14,  MIRADOR A",DN 7-08 & 28-08 & 11-09,master-stock-list-05-10
receive,240865,ADS 65 HINGED DOOR,1.0,,"VILLA 14,  MIRADOR A",DN 7-08 & 28-08 & 11-09,master-stock-list-05-10
receive,240866,ADS 65 HINGED DOOR,4.0,,"VILLA 14,  MIRADOR A",DN 7-08 & 28-08 & 11-09,master-stock-list-05-10
receive,241280,ADS 65 HINGED DOOR,4.0,,"VILLA 14,  MIRADOR A",DN 7-08 & 28-08 & 11-09,master-stock-list-05-10
receive,242502,ADS 65 HINGED DOOR,100.0,,"VILLA 14,  MIRADOR A",DN 7-08 & 28-08 & 11-09,master-stock-list-05-10
receive,242885,ADS 65 HINGED DOOR,10.0,,"VILLA 14,  MIRADOR A",DN 7-08 & 28-08 & 11-09,master-stock-list-05-10
receive,244182,ADS 65 HINGED DOOR,200.0,,"VILLA 14,  MIRADOR A",DN 7-08 & 28-08 & 11-09,master-stock-list-05-10
receive,244210,ADS 65 HINGED DOOR,200.0,,"VILLA 14,  MIRADOR A",DN 7-08 & 28-08 & 11-09,master-stock-list-05-10
receive,279290,ADS 65 HINGED DOOR,5.0,,"VILLA 14,  MIRADOR A",DN 7-08 & 28-08 & 11-09,master-stock-list-05-10
receive,284129,ADS 65 HINGED DOOR,36.0,,"VILLA 14,  MIRADOR A",DN 7-08 & 28-08 & 11-09,master-stock-list-05-10
receive,284826,ADS 65 HINGED DOOR,100.0,,"VILLA 14,  MIRADOR A",DN 7-08 & 28-08 & 11-09,master-stock-list-05-10
receive,288085,ADS 65 HINGED DOOR,100.0,,"VILLA 14,  MIRADOR A",DN 7-08 & 28-08 & 11-09,master-stock-list-05-10
receive,288167,ADS 65 HINGED DOOR,100.0,,"VILLA 14,  MIRADOR A",DN 7-08 & 28-08 & 11-09,master-stock-list-05-10
receive,298354,ADS 65 HINGED DOOR,6.0,,"VILLA 14,  MIRADOR A",DN 7-08 & 28-08 & 11-09,master-stock-list-05-10
receive,298444,ADS 65 HINGED DOOR,50.0,,"VILLA 14,  MIRADOR A",DN 7-08 & 28-08 & 11-09,master-stock-list-05-10
receive,298900,ADS 65 HINGED DOOR,3.0,,"VILLA 14,  MIRADOR A",DN 7-08 & 28-08 & 11-09,master-stock-list-05-10
receive,313900,ADS 65 HINGED DOOR,2.0,,"VILLA 14,  MIRADOR A",DN 7-08 & 28-08 & 11-09,master-stock-list-05-10
receive,345060,ADS 65 HINGED DOOR,4.0,,"VILLA 14,  MIRADOR A",DN 7-08 & 28-08 & 11-09,master-stock-list-05-10
receive,345230,ADS 65 HINGED DOOR,3.0,,"VILLA 14,  MIRADOR A",DN 7-08 & 28-08 & 11-09,master-stock-list-05-10
receive,397200,ADS 65 HINGED DOOR,2.0,,"VILLA 14,  MIRADOR A",DN 7-08 & 28-08 & 11-09,master-stock-list-05-10
receive,397850,ADS 65 HINGED DOOR,3.0,,"VILLA 14,  MIRADOR A",DN 7-08 & 28-08 & 11-09,master-stock-list-05-10
receive,397880,ADS 65 HINGED DOOR,9.0,,"VILLA 14,  MIRADOR A",DN 7-08 & 28-08 & 11-09,master-stock-list-05-10
receive,398030,ADS 65 HINGED DOOR,4.0,,"VILLA 14,  MIRADOR A",DN 7-08 & 28-08 & 11-09,master-stock-list-05-10
receive,398040,ADS 65 HINGED DOOR,3.0,,"VILLA 14,  MIRADOR A",DN 7-08 & 28-08 & 11-09,master-stock-list-05-10
receive,398050,ADS 65 HINGED DOOR,5.0,,"VILLA 14,  MIRADOR A",DN 7-08 & 28-08 & 11-09,master-stock-list-05-10
receive,398060,ADS 65 HINGED DOOR,5.0,,"VILLA 14,  MIRADOR A",DN 7-08 & 28-08 & 11-09,master-stock-list-05-10
receive,398200,ADS 65 HINGED DOOR,4.0,,"VILLA 14,  MIRADOR A",DN 7-08 & 28-08 & 11-09,master-stock-list-05-10
receive,398210,ADS 65 HINGED DOOR,4.0,,"VILLA 14,  MIRADOR A",DN 7-08 & 28-08 & 11-09,master-stock-list-05-10
receive,398970,ADS 65 HINGED DOOR,2.0,,"VILLA 14,  MIRADOR A",DN 7-08 & 28-08 & 11-09,master-stock-list-05-10
receive,9639350,ADS 65 HINGED DOOR,2.0,,"VILLA 14,  MIRADOR A",DN 7-08 & 28-08 & 11-09,master-stock-list-05-10
receive,201399,AS FD 90 HI,2.0,,"Villa 24, Street 4, Savannah A",DN 7-08 & 28-08 & 11-09,master-stock-list-05-10
receive,203102,AS FD 90 HI,100.0,,"Villa 24, Street 4, Savannah A",DN 7-08 & 28-08 & 11-09,master-stock-list-05-10
receive,205007,AS FD 90 HI,100.0,,"Villa 24, Street 4, Savannah A",DN 7-08 & 28-08 & 11-09,master-stock-list-05-10
receive,205008,AS FD 90 HI,100.0,,"Villa 24, Street 4, Savannah A",DN 7-08 & 28-08 & 11-09,master-stock-list-05-10
receive,205081,AS FD 90 HI,100.0,,"Villa 24, Street 4, Savannah A",DN 7-08 & 28-08 & 11-09,master-stock-list-05-10
receive,205469,AS FD 90 HI,100.0,,"Villa 24, Street 4, Savannah A",DN 7-08 & 28-08 & 11-09,master-stock-list-05-10
receive,205875,AS FD 90 HI,100.0,,"Villa 24, Street 4, Savannah A",DN 7-08 & 28-08 & 11-09,master-stock-list-05-10
receive,218157,AS FD 90 HI,100.0,,"Villa 24, Street 4, Savannah A",DN 7-08 & 28-08 & 11-09,master-stock-list-05-10
receive,220860,AS FD 90 HI,10.0,,"Villa 24, Street 4, Savannah A",DN 7-08 & 28-08 & 11-09,master-stock-list-05-10
receive,220986,AS FD 90 HI,40.0,,"Villa 24, Street 4, Savannah A",DN 7-08 & 28-08 & 11-09,master-stock-list-05-10
receive,224378,AS FD 90 HI,100.0,,"Villa 24, Street 4, Savannah A",DN 7-08 & 28-08 & 11-09,master-stock-list-05-10
receive,225409,AS FD 90 HI,2.0,,"Villa 24, Street 4, Savannah A",DN 7-08 & 28-08 & 11-09,master-stock-list-05-10
receive,225410,AS FD 90 HI,2.0,,"Villa 24, Street 4, Savannah A",DN 7-08 & 28-08 & 11-09,master-stock-list-05-10
receive,225412,AS FD 90 HI,2.0,,"Villa 24, Street 4, Savannah A",DN 7-08 & 28-08 & 11-09,master-stock-list-05-10
receive,225448,AS FD 90 HI,2.0,,"Villa 24, Street 4, Savannah A",DN 7-08 & 28-08 & 11-09,master-stock-list-05-10
receive,225463,AS FD 90 HI,10.0,,"Villa 24, Street 4, Savannah A",DN 7-08 & 28-08 & 11-09,master-stock-list-05-10
receive,225465,AS FD 90 HI,2.0,,"Villa 24, Street 4, Savannah A",DN 7-08 & 28-08 & 11-09,master-stock-list-05-10
receive,225685,AS FD 90 HI,2.0,,"Villa 24, Street 4, Savannah A",DN 7-08 & 28-08 & 11-09,master-stock-list-05-10
receive,225801,AS FD 90 HI,1.0,,"Villa 24, Street 4, Savannah A",DN 7-08 & 28-08 & 11-09,master-stock-list-05-10
receive,225890,AS FD 90 HI,30.0,,"Villa 24, Street 4, Savannah A",DN 7-08 & 28-08 & 11-09,master-stock-list-05-10
receive,225901,AS FD 90 HI,1.0,,"Villa 24, Street 4, Savannah A",DN 7-08 & 28-08 & 11-09,master-stock-list-05-10
receive,225943,AS FD 90 HI,1.0,,"Villa 24, Street 4, Savannah A",DN 7-08 & 28-08 & 11-09,master-stock-list-05-10
receive,225945,AS FD 90 HI,4.0,,"Villa 24, Street 4, Savannah A",DN 7-08 & 28-08 & 11-09,master-stock-list-05-10
receive,225960,AS FD 90 HI,10.0,,"Villa 24, Street 4, Savannah A",DN 7-08 & 28-08 & 11-09,master-stock-list-05-10
receive,227652,AS FD 90 HI,10.0,,"Villa 24, Street 4, Savannah A",DN 7-08 & 28-08 & 11-09,master-stock-list-05-10
receive,227873,AS FD 90 HI,10.0,,"Villa 24, Street 4, Savannah A",DN 7-08 & 28-08 & 11-09,master-stock-list-05-10
receive,232703,AS FD 90 HI,2.0,,"Villa 24, Street 4, Savannah A",DN 7-08 & 28-08 & 11-09,master-stock-list-05-10
receive,232715,AS FD 90 HI,10.0,,"Villa 24, Street 4, Savannah A",DN 7-08 & 28-08 & 11-09,master-stock-list-05-10
receive,232717,AS FD 90 HI,1.0,,"Villa 24, Street 4, Savannah A",DN 7-08 & 28-08 & 11-09,master-stock-list-05-10
receive,235682,AS FD 90 HI,4.0,,"Villa 24, Street 4, Savannah A",DN 7-08 & 28-08 & 11-09,master-stock-list-05-10
receive,235683,AS FD 90 HI,16.0,,"Villa 24, Street 4, Savannah A",DN 7-08 & 28-08 & 11-09,master-stock-list-05-10
receive,239991,AS FD 90 HI,1.0,,"Villa 24, Street 4, Savannah A",DN 7-08 & 28-08 & 11-09,master-stock-list-05-10
receive,240730,AS FD 90 HI,2.0,,"Villa 24, Street 4, Savannah A",DN 7-08 & 28-08 & 11-09,master-stock-list-05-10
receive,244381,AS FD 90 HI,2.0,,"Villa 24, Street 4, Savannah A",DN 7-08 & 28-08 & 11-09,master-stock-list-05-10
receive,244383,AS FD 90 HI,2.0,,"Villa 24, Street 4, Savannah A",DN 7-08 & 28-08 & 11-09,master-stock-list-05-10
receive,244387,AS FD 90 HI,2.0,,"Villa 24, Street 4, Savannah A",DN 7-08 & 28-08 & 11-09,master-stock-list-05-10
receive,244416,AS FD 90 HI,100.0,,"Villa 24, Street 4, Savannah A",DN 7-08 & 28-08 & 11-09,master-stock-list-05-10
receive,245539,AS FD 90 HI,10.0,,"Villa 24, Street 4, Savannah A",DN 7-08 & 28-08 & 11-09,master-stock-list-05-10
receive,245592,AS FD 90 HI,2.0,,"Villa 24, Street 4, Savannah A",DN 7-08 & 28-08 & 11-09,master-stock-list-05-10
receive,245660,AS FD 90 HI,2.0,,"Villa 24, Street 4, Savannah A",DN 7-08 & 28-08 & 11-09,master-stock-list-05-10
receive,245665,AS FD 90 HI,2.0,,"Villa 24, Street 4, Savannah A",DN 7-08 & 28-08 & 11-09,master-stock-list-05-10
receive,245686,AS FD 90 HI,2.0,,"Villa 24, Street 4, Savannah A",DN 7-08 & 28-08 & 11-09,master-stock-list-05-10
receive,245701,AS FD 90 HI,20.0,,"Villa 24, Street 4, Savannah A",DN 7-08 & 28-08 & 11-09,master-stock-list-05-10
receive,245702,AS FD 90 HI,42.0,,"Villa 24, Street 4, Savannah A",DN 7-08 & 28-08 & 11-09,master-stock-list-05-10
receive,245703,AS FD 90 HI,40.0,,"Villa 24, Street 4, Savannah A",DN 7-08 & 28-08 & 11-09,master-stock-list-05-10
receive,245731,AS FD 90 HI,12.0,,"Villa 24, Street 4, Savannah A",DN 7-08 & 28-08 & 11-09,master-stock-list-05-10
receive,245732,AS FD 90 HI,7.0,,"Villa 24, Street 4, Savannah A",DN 7-08 & 28-08 & 11-09,master-stock-list-05-10
receive,245767,AS FD 90 HI,2.0,,"Villa 24, Street 4, Savannah A",DN 7-08 & 28-08 & 11-09,master-stock-list-05-10
receive,245887,AS FD 90 HI,2.0,,"Villa 24, Street 4, Savannah A",DN 7-08 & 28-08 & 11-09,master-stock-list-05-10
receive,245888,AS FD 90 HI,21.0,,"Villa 24, Street 4, Savannah A",DN 7-08 & 28-08 & 11-09,master-stock-list-05-10
receive,245890,AS FD 90 HI,42.0,,"Villa 24, Street 4, Savannah A",DN 7-08 & 28-08 & 11-09,master-stock-list-05-10
receive,245891,AS FD 90 HI,21.0,,"Villa 24, Street 4, Savannah A",DN 7-08 & 28-08 & 11-09,master-stock-list-05-10
receive,269191,AS FD 90 HI,2.0,,"Villa 24, Street 4, Savannah A",DN 7-08 & 28-08 & 11-09,master-stock-list-05-10
receive,269260,AS FD 90 HI,1.0,,"Villa 24, Street 4, Savannah A",DN 7-08 & 28-08 & 11-09,master-stock-list-05-10
receive,269274,AS FD 90 HI,60.0,,"Villa 24, Street 4, Savannah A",DN 7-08 & 28-08 & 11-09,master-stock-list-05-10
receive,269368,AS FD 90 HI,1.0,,"Villa 24, Street 4, Savannah A",DN 7-08 & 28-08 & 11-09,master-stock-list-05-10
receive,270895,AS FD 90 HI,1.0,,"Villa 24, Street 4, Savannah A",DN 7-08 & 28-08 & 11-09,master-stock-list-05-10
receive,276793,AS FD 90 HI,100.0,,"Villa 24, Street 4, Savannah A",DN 7-08 & 28-08 & 11-09,master-stock-list-05-10
receive,277308,AS FD 90 HI,2.0,,"Villa 24, Street 4, Savannah A",DN 7-08 & 28-08 & 11-09,master-stock-list-05-10
receive,279215,AS FD 90 HI,1.0,,"Villa 24, Street 4, Savannah A",DN 7-08 & 28-08 & 11-09,master-stock-list-05-10
receive,279714,AS FD 90 HI,7.0,,"Villa 24, Street 4, Savannah A",DN 7-08 & 28-08 & 11-09,master-stock-list-05-10
receive,279777,AS FD 90 HI,1.0,,"Villa 24, Street 4, Savannah A",DN 7-08 & 28-08 & 11-09,master-stock-list-05-10
receive,281849,AS FD 90 HI,9.4,,"Villa 24, Street 4, Savannah A",DN 7-08 & 28-08 & 11-09,master-stock-list-05-10
receive,284013,AS FD 90 HI,2.0,,"Villa 24, Street 4, Savannah A",DN 7-08 & 28-08 & 11-09,master-stock-list-05-10
receive,284017,AS FD 90 HI,2.0,,"Villa 24, Street 4, Savannah A",DN 7-08 & 28-08 & 11-09,master-stock-list-05-10
receive,284439,AS FD 90 HI,2.0,,"Villa 24, Street 4, Savannah A",DN 7-08 & 28-08 & 11-09,master-stock-list-05-10
receive,284763,AS FD 90 HI,2.0,,"Villa 24, Street 4, Savannah A",DN 7-08 & 28-08 & 11-09,master-stock-list-05-10
receive,298195,AS FD 90 HI,60.0,,"Villa 24, Street 4, Savannah A",DN 7-08 & 28-08 & 11-09,master-stock-list-05-10
receive,298354,AS FD 90 HI,6.0,,"Villa 24, Street 4, Savannah A",DN 7-08 & 28-08 & 11-09,master-stock-list-05-10
receive,298444,AS FD 90 HI,50.0,,"Villa 24, Street 4, Savannah A",DN 7-08 & 28-08 & 11-09,master-stock-list-05-10
receive,298900,AS FD 90 HI,2.0,,"Villa 24, Street 4, Savannah A",DN 7-08 & 28-08 & 11-09,master-stock-list-05-10
receive,525460,AS FD 90 HI,2.0,,"Villa 24, Street 4, Savannah A",DN 7-08 & 28-08 & 11-09,master-stock-list-05-10
receive,542100,AS FD 90 HI,6.0,,"Villa 24, Street 4, Savannah A",DN 7-08 & 28-08 & 11-09,master-stock-list-05-10
receive,542110,AS FD 90 HI,4.0,,"Villa 24, Street 4, Savannah A",DN 7-08 & 28-08 & 11-09,master-stock-list-05-10
receive,542370,AS FD 90 HI,4.0,,"Villa 24, Street 4, Savannah A",DN 7-08 & 28-08 & 11-09,master-stock-list-05-10
receive,542770,AS FD 90 HI,2.0,,"Villa 24, Street 4, Savannah A",DN 7-08 & 28-08 & 11-09,master-stock-list-05-10
receive,542980,AS FD 90 HI,2.0,,"Villa 24, Street 4, Savannah A",DN 7-08 & 28-08 & 11-09,master-stock-list-05-10
receive,555990,AS FD 90 HI,2.0,,"Villa 24, Street 4, Savannah A",DN 7-08 & 28-08 & 11-09,master-stock-list-05-10
receive,576000,AS FD 90 HI,2.0,,"Villa 24, Street 4, Savannah A",DN 7-08 & 28-08 & 11-09,master-stock-list-05-10
receive,201316,ASE 36 (BALANCE),4.0,,"Villa 80 - ST3, Esmeralda – A",DN 7-08 & 28-08 & 11-09,master-stock-list-05-10
receive,205083,ASE 36 (BALANCE),100.0,,"Villa 80 - ST3, Esmeralda – A",DN 7-08 & 28-08 & 11-09,master-stock-list-05-10
receive,205172,ASE 36 (BALANCE),300.0,,"Villa 80 - ST3, Esmeralda – A",DN 7-08 & 28-08 & 11-09,master-stock-list-05-10
receive,205431,ASE 36 (BALANCE),100.0,,"Villa 80 - ST3, Esmeralda – A",DN 7-08 & 28-08 & 11-09,master-stock-list-05-10
receive,205469,ASE 36 (BALANCE),100.0,,"Villa 80 - ST3, Esmeralda – A",DN 7-08 & 28-08 & 11-09,master-stock-list-05-10
receive,224073,ASE 36 (BALANCE),20.0,,"Villa 80 - ST3, Esmeralda – A",DN 7-08 & 28-08 & 11-09,master-stock-list-05-10
receive,224497,ASE 36 (BALANCE),200.0,,"Villa 80 - ST3, Esmeralda – A",DN 7-08 & 28-08 & 11-09,master-stock-list-05-10
receive,225116,ASE 36 (BALANCE),100.0,,"Villa 80 - ST3, Esmeralda – A",DN 7-08 & 28-08 & 11-09,master-stock-list-05-10
receive,238489,ASE 36 (BALANCE),10.0,,"Villa 80 - ST3, Esmeralda – A",DN 7-08 & 28-08 & 11-09,master-stock-list-05-10
receive,244775,ASE 36 (BALANCE),100.0,,"Villa 80 - ST3, Esmeralda – A",DN 7-08 & 28-08 & 11-09,master-stock-list-05-10
receive,265599,ASE 36 (BALANCE),10.0,,"Villa 80 - ST3, Esmeralda – A",DN 7-08 & 28-08 & 11-09,master-stock-list-05-10
receive,275068,ASE 36 (BALANCE),4.0,,"Villa 80 - ST3, Esmeralda – A",DN 7-08 & 28-08 & 11-09,master-stock-list-05-10
receive,276735,ASE 36 (BALANCE),10.0,,"Villa 80 - ST3, Esmeralda – A",DN 7-08 & 28-08 & 11-09,master-stock-list-05-10
receive,284071,ASE 36 (BALANCE),16.0,,"Villa 80 - ST3, Esmeralda – A",DN 7-08 & 28-08 & 11-09,master-stock-list-05-10
receive,284819,ASE 36 (BALANCE),16.0,,"Villa 80 - ST3, Esmeralda – A",DN 7-08 & 28-08 & 11-09,master-stock-list-05-10
receive,288191,ASE 36 (BALANCE),3.0,,"Villa 80 - ST3, Esmeralda – A",DN 7-08 & 28-08 & 11-09,master-stock-list-05-10
receive,308380,ASE 36 (BALANCE),4.0,,"Villa 80 - ST3, Esmeralda – A",DN 7-08 & 28-08 & 11-09,master-stock-list-05-10
receive,335140,ASE 36 (BALANCE),8.0,,"Villa 80 - ST3, Esmeralda – A",DN 7-08 & 28-08 & 11-09,master-stock-list-05-10
receive,9638095,ASE 36 (BALANCE),1.0,,"Villa 80 - ST3, Esmeralda – A",DN 7-08 & 28-08 & 11-09,master-stock-list-05-10
receive,9638553,ASE 36 (BALANCE),14.0,,"Villa 80 - ST3, Esmeralda – A",DN 7-08 & 28-08 & 11-09,master-stock-list-05-10
receive,9638555,ASE 36 (BALANCE),2.0,,"Villa 80 - ST3, Esmeralda – A",DN 7-08 & 28-08 & 11-09,master-stock-list-05-10
receive,9638559,ASE 36 (BALANCE),2.0,,"Villa 80 - ST3, Esmeralda – A",DN 7-08 & 28-08 & 11-09,master-stock-list-05-10
receive,9638561,ASE 36 (BALANCE),2.0,,"Villa 80 - ST3, Esmeralda – A",DN 7-08 & 28-08 & 11-09,master-stock-list-05-10
receive,9638566,ASE 36 (BALANCE),2.0,,"Villa 80 - ST3, Esmeralda – A",DN 7-08 & 28-08 & 11-09,master-stock-list-05-10
receive,9638567,ASE 36 (BALANCE),3.0,,"Villa 80 - ST3, Esmeralda – A",DN 7-08 & 28-08 & 11-09,master-stock-list-05-10
receive,9638568,ASE 36 (BALANCE),2.0,,"Villa 80 - ST3, Esmeralda – A",DN 7-08 & 28-08 & 11-09,master-stock-list-05-10
receive,9640299,ASE 36 (BALANCE),4.0,,"Villa 80 - ST3, Esmeralda – A",DN 7-08 & 28-08 & 11-09,master-stock-list-05-10
receive,9640300,ASE 36 (BALANCE),4.0,,"Villa 80 - ST3, Esmeralda – A",DN 7-08 & 28-08 & 11-09,master-stock-list-05-10
receive,9640302,ASE 36 (BALANCE),4.0,,"Villa 80 - ST3, Esmeralda – A",DN 7-08 & 28-08 & 11-09,master-stock-list-05-10
receive,9640303,ASE 36 (BALANCE),4.0,,"Villa 80 - ST3, Esmeralda – A",DN 7-08 & 28-08 & 11-09,master-stock-list-05-10
receive,9640307,ASE 36 (BALANCE),10.0,,"Villa 80 - ST3, Esmeralda – A",DN 7-08 & 28-08 & 11-09,master-stock-list-05-10
receive,9640308,ASE 36 (BALANCE),10.0,,"Villa 80 - ST3, Esmeralda – A",DN 7-08 & 28-08 & 11-09,master-stock-list-05-10
receive,9648148,ASE 36 (BALANCE),2.0,,"Villa 80 - ST3, Esmeralda – A",DN 7-08 & 28-08 & 11-09,master-stock-list-05-10
receive,9648149,ASE 36 (BALANCE),2.0,,"Villa 80 - ST3, Esmeralda – A",DN 7-08 & 28-08 & 11-09,master-stock-list-05-10
receive,9648150,ASE 36 (BALANCE),2.0,,"Villa 80 - ST3, Esmeralda – A",DN 7-08 & 28-08 & 11-09,master-stock-list-05-10
receive,9648160,ASE 36 (BALANCE),2.0,,"Villa 80 - ST3, Esmeralda – A",DN 7-08 & 28-08 & 11-09,master-stock-list-05-10
receive,9648161,ASE 36 (BALANCE),200.0,,"Villa 80 - ST3, Esmeralda – A",DN 7-08 & 28-08 & 11-09,master-stock-list-05-10
receive,9648162,ASE 36 (BALANCE),5.0,,"Villa 80 - ST3, Esmeralda – A",DN 7-08 & 28-08 & 11-09,master-stock-list-05-10
receive,9648164,ASE 36 (BALANCE),100.0,,"Villa 80 - ST3, Esmeralda – A",DN 7-08 & 28-08 & 11-09,master-stock-list-05-10
receive,9648167,ASE 36 (BALANCE),50.0,,"Villa 80 - ST3, Esmeralda – A",DN 7-08 & 28-08 & 11-09,master-stock-list-05-10
receive,9648168,ASE 36 (BALANCE),50.0,,"Villa 80 - ST3, Esmeralda – A",DN 7-08 & 28-08 & 11-09,master-stock-list-05-10
receive,9649628,ASE 36 (BALANCE),4.0,,"Villa 80 - ST3, Esmeralda – A",DN 7-08 & 28-08 & 11-09,master-stock-list-05-10
receive,9651248,ASE 36 (BALANCE),100.0,,"Villa 80 - ST3, Esmeralda – A",DN 7-08 & 28-08 & 11-09,master-stock-list-05-10
receive,9655841,ASE 36 (BALANCE),100.0,,"Villa 80 - ST3, Esmeralda – A",DN 7-08 & 28-08 & 11-09,master-stock-list-05-10
receive,9657617,ASE 36 (BALANCE),10.0,,"Villa 80 - ST3, Esmeralda – A",DN 7-08 & 28-08 & 11-09,master-stock-list-05-10
receive,9658293,ASE 36 (BALANCE),8.0,,"Villa 80 - ST3, Esmeralda – A",DN 7-08 & 28-08 & 11-09,master-stock-list-05-10
receive,203540,ASE 54 PD,200.0,,Villa C35 and Apartment 606,DN 7-08 & 28-08 & 11-09,master-stock-list-05-10
receive,205174,ASE 54 PD,100.0,,Villa C35 and Apartment 606,DN 7-08 & 28-08 & 11-09,master-stock-list-05-10
receive,205437,ASE 54 PD,100.0,,Villa C35 and Apartment 606,DN 7-08 & 28-08 & 11-09,master-stock-list-05-10
receive,225677,ASE 54 PD,200.0,,Villa C35 and Apartment 606,DN 7-08 & 28-08 & 11-09,master-stock-list-05-10
receive,284077,ASE 54 PD,18.0,,Villa C35 and Apartment 606,DN 7-08 & 28-08 & 11-09,master-stock-list-05-10
receive,288320,ASE 54 PD,200.0,,Villa C35 and Apartment 606,DN 7-08 & 28-08 & 11-09,master-stock-list-05-10
receive,298444,ASE 54 PD,50.0,,Villa C35 and Apartment 606,DN 7-08 & 28-08 & 11-09,master-stock-list-05-10
receive,585350,ASE 54 PD,1.0,,Villa C35 and Apartment 606,DN 7-08 & 28-08 & 11-09,master-stock-list-05-10
receive,585360,ASE 54 PD,1.0,,Villa C35 and Apartment 606,DN 7-08 & 28-08 & 11-09,master-stock-list-05-10
receive,9642420,ASE 54 PD,5.0,,Villa C35 and Apartment 606,DN 7-08 & 28-08 & 11-09,master-stock-list-05-10
receive,9642422,ASE 54 PD,1.0,,Villa C35 and Apartment 606,DN 7-08 & 28-08 & 11-09,master-stock-list-05-10
receive,9648314,ASE 54 PD,2.0,,Villa C35 and Apartment 606,DN 7-08 & 28-08 & 11-09,master-stock-list-05-10
receive,9648319,ASE 54 PD,2.0,,Villa C35 and Apartment 606,DN 7-08 & 28-08 & 11-09,master-stock-list-05-10
receive,184090,"70PD & 90HI, 35PD CW - 7pcs",10.0,,"Villa D58, Flame Tree Ridge A",DN 7-08 & 28-08 & 11-09,master-stock-list-05-10
receive,205007,"70PD & 90HI, 35PD CW - 7pcs",100.0,,"Villa D58, Flame Tree Ridge A",DN 7-08 & 28-08 & 11-09,master-stock-list-05-10
receive,205081,"70PD & 90HI, 35PD CW - 7pcs",100.0,,"Villa D58, Flame Tree Ridge A",DN 7-08 & 28-08 & 11-09,master-stock-list-05-10
receive,205436,"70PD & 90HI, 35PD CW - 7pcs",400.0,,"Villa D58, Flame Tree Ridge A",DN 7-08 & 28-08 & 11-09,master-stock-list-05-10
receive,205876,"70PD & 90HI, 35PD CW - 7pcs",100.0,,"Villa D58, Flame Tree Ridge A",DN 7-08 & 28-08 & 11-09,master-stock-list-05-10
receive,205930,"70PD & 90HI, 35PD CW - 7pcs",100.0,,"Villa D58, Flame Tree Ridge A",DN 7-08 & 28-08 & 11-09,master-stock-list-05-10
receive,220860,"70PD & 90HI, 35PD CW - 7pcs",10.0,,"Villa D58, Flame Tree Ridge A",DN 7-08 & 28-08 & 11-09,master-stock-list-05-10
receive,225960,"70PD & 90HI, 35PD CW - 7pcs",10.0,,"Villa D58, Flame Tree Ridge A",DN 7-08 & 28-08 & 11-09,master-stock-list-05-10
receive,226081,"70PD & 90HI, 35PD CW - 7pcs",50.0,,"Villa D58, Flame Tree Ridge A",DN 7-08 & 28-08 & 11-09,master-stock-list-05-10
receive,232703,"70PD & 90HI, 35PD CW - 7pcs",2.0,,"Villa D58, Flame Tree Ridge A",DN 7-08 & 28-08 & 11-09,master-stock-list-05-10
receive,232717,"70PD & 90HI, 35PD CW - 7pcs",4.0,,"Villa D58, Flame Tree Ridge A",DN 7-08 & 28-08 & 11-09,master-stock-list-05-10
receive,235682,"70PD & 90HI, 35PD CW - 7pcs",4.0,,"Villa D58, Flame Tree Ridge A",DN 7-08 & 28-08 & 11-09,master-stock-list-05-10
receive,235683,"70PD & 90HI, 35PD CW - 7pcs",32.0,,"Villa D58, Flame Tree Ridge A",DN 7-08 & 28-08 & 11-09,master-stock-list-05-10
receive,241849,"70PD & 90HI, 35PD CW - 7pcs",4.0,,"Villa D58, Flame Tree Ridge A",DN 7-08 & 28-08 & 11-09,master-stock-list-05-10
receive,265599,"70PD & 90HI, 35PD CW - 7pcs",20.0,,"Villa D58, Flame Tree Ridge A",DN 7-08 & 28-08 & 11-09,master-stock-list-05-10
receive,268728,"70PD & 90HI, 35PD CW - 7pcs",20.0,,"Villa D58, Flame Tree Ridge A",DN 7-08 & 28-08 & 11-09,master-stock-list-05-10
receive,269260,"70PD & 90HI, 35PD CW - 7pcs",4.0,,"Villa D58, Flame Tree Ridge A",DN 7-08 & 28-08 & 11-09,master-stock-list-05-10
receive,281849,"70PD & 90HI, 35PD CW - 7pcs",18.8,,"Villa D58, Flame Tree Ridge A",DN 7-08 & 28-08 & 11-09,master-stock-list-05-10
receive,284071,"70PD & 90HI, 35PD CW - 7pcs",16.0,,"Villa D58, Flame Tree Ridge A",DN 7-08 & 28-08 & 11-09,master-stock-list-05-10
receive,284819,"70PD & 90HI, 35PD CW - 7pcs",32.0,,"Villa D58, Flame Tree Ridge A",DN 7-08 & 28-08 & 11-09,master-stock-list-05-10
receive,288869,"70PD & 90HI, 35PD CW - 7pcs",50.0,,"Villa D58, Flame Tree Ridge A",DN 7-08 & 28-08 & 11-09,master-stock-list-05-10
receive,477780,"70PD & 90HI, 35PD CW - 7pcs",1.0,,"Villa D58, Flame Tree Ridge A",DN 7-08 & 28-08 & 11-09,master-stock-list-05-10
receive,477830,"70PD & 90HI, 35PD CW - 7pcs",2.0,,"Villa D58, Flame Tree Ridge A",DN 7-08 & 28-08 & 11-09,master-stock-list-05-10
receive,484560,"70PD & 90HI, 35PD CW - 7pcs",3.0,,"Villa D58, Flame Tree Ridge A",DN 7-08 & 28-08 & 11-09,master-stock-list-05-10
receive,542770,"70PD & 90HI, 35PD CW - 7pcs",2.0,,"Villa D58, Flame Tree Ridge A",DN 7-08 & 28-08 & 11-09,master-stock-list-05-10
receive,9626193,"70PD & 90HI, 35PD CW - 7pcs",3.0,,"Villa D58, Flame Tree Ridge A",DN 7-08 & 28-08 & 11-09,master-stock-list-05-10
receive,9626195,"70PD & 90HI, 35PD CW - 7pcs",8.0,,"Villa D58, Flame Tree Ridge A",DN 7-08 & 28-08 & 11-09,master-stock-list-05-10
receive,9626196,"70PD & 90HI, 35PD CW - 7pcs",4.0,,"Villa D58, Flame Tree Ridge A",DN 7-08 & 28-08 & 11-09,master-stock-list-05-10
receive,9626201,"70PD & 90HI, 35PD CW - 7pcs",4.0,,"Villa D58, Flame Tree Ridge A",DN 7-08 & 28-08 & 11-09,master-stock-list-05-10
receive,9626214,"70PD & 90HI, 35PD CW - 7pcs",1.0,,"Villa D58, Flame Tree Ridge A",DN 7-08 & 28-08 & 11-09,master-stock-list-05-10
receive,9633805,"70PD & 90HI, 35PD CW - 7pcs",2.0,,"Villa D58, Flame Tree Ridge A",DN 7-08 & 28-08 & 11-09,master-stock-list-05-10
receive,9633806,"70PD & 90HI, 35PD CW - 7pcs",2.0,,"Villa D58, Flame Tree Ridge A",DN 7-08 & 28-08 & 11-09,master-stock-list-05-10
receive,9633807,"70PD & 90HI, 35PD CW - 7pcs",50.0,,"Villa D58, Flame Tree Ridge A",DN 7-08 & 28-08 & 11-09,master-stock-list-05-10
receive,9643167,"70PD & 90HI, 35PD CW - 7pcs",6.0,,"Villa D58, Flame Tree Ridge A",DN 7-08 & 28-08 & 11-09,master-stock-list-05-10
receive,9643168,"70PD & 90HI, 35PD CW - 7pcs",4.0,,"Villa D58, Flame Tree Ridge A",DN 7-08 & 28-08 & 11-09,master-stock-list-05-10
receive,9643171,"70PD & 90HI, 35PD CW - 7pcs",6.0,,"Villa D58, Flame Tree Ridge A",DN 7-08 & 28-08 & 11-09,master-stock-list-05-10
receive,9643172,"70PD & 90HI, 35PD CW - 7pcs",3.0,,"Villa D58, Flame Tree Ridge A",DN 7-08 & 28-08 & 11-09,master-stock-list-05-10
receive,9643174,"70PD & 90HI, 35PD CW - 7pcs",6.0,,"Villa D58, Flame Tree Ridge A",DN 7-08 & 28-08 & 11-09,master-stock-list-05-10
receive,9643177,"70PD & 90HI, 35PD CW - 7pcs",6.0,,"Villa D58, Flame Tree Ridge A",DN 7-08 & 28-08 & 11-09,master-stock-list-05-10
receive,9643180,"70PD & 90HI, 35PD CW - 7pcs",2.0,,"Villa D58, Flame Tree Ridge A",DN 7-08 & 28-08 & 11-09,master-stock-list-05-10
receive,9643181,"70PD & 90HI, 35PD CW - 7pcs",1.0,,"Villa D58, Flame Tree Ridge A",DN 7-08 & 28-08 & 11-09,master-stock-list-05-10
receive,9643183,"70PD & 90HI, 35PD CW - 7pcs",1.0,,"Villa D58, Flame Tree Ridge A",DN 7-08 & 28-08 & 11-09,master-stock-list-05-10
receive,9643184,"70PD & 90HI, 35PD CW - 7pcs",1.0,,"Villa D58, Flame Tree Ridge A",DN 7-08 & 28-08 & 11-09,master-stock-list-05-10
receive,9643186,"70PD & 90HI, 35PD CW - 7pcs",1.0,,"Villa D58, Flame Tree Ridge A",DN 7-08 & 28-08 & 11-09,master-stock-list-05-10
receive,9643187,"70PD & 90HI, 35PD CW - 7pcs",1.0,,"Villa D58, Flame Tree Ridge A",DN 7-08 & 28-08 & 11-09,master-stock-list-05-10
receive,9643193,"70PD & 90HI, 35PD CW - 7pcs",1.0,,"Villa D58, Flame Tree Ridge A",DN 7-08 & 28-08 & 11-09,master-stock-list-05-10
receive,9643194,"70PD & 90HI, 35PD CW - 7pcs",6.0,,"Villa D58, Flame Tree Ridge A",DN 7-08 & 28-08 & 11-09,master-stock-list-05-10
receive,9643195,"70PD & 90HI, 35PD CW - 7pcs",8.0,,"Villa D58, Flame Tree Ridge A",DN 7-08 & 28-08 & 11-09,master-stock-list-05-10
receive,9643197,"70PD & 90HI, 35PD CW - 7pcs",1.0,,"Villa D58, Flame Tree Ridge A",DN 7-08 & 28-08 & 11-09,master-stock-list-05-10
receive,9643199,"70PD & 90HI, 35PD CW - 7pcs",1.0,,"Villa D58, Flame Tree Ridge A",DN 7-08 & 28-08 & 11-09,master-stock-list-05-10
receive,9643200,"70PD & 90HI, 35PD CW - 7pcs",12.0,,"Villa D58, Flame Tree Ridge A",DN 7-08 & 28-08 & 11-09,master-stock-list-05-10
receive,9643202,"70PD & 90HI, 35PD CW - 7pcs",50.0,,"Villa D58, Flame Tree Ridge A",DN 7-08 & 28-08 & 11-09,master-stock-list-05-10
receive,9643203,"70PD & 90HI, 35PD CW - 7pcs",50.0,,"Villa D58, Flame Tree Ridge A",DN 7-08 & 28-08 & 11-09,master-stock-list-05-10
receive,9644717,"70PD & 90HI, 35PD CW - 7pcs",4.0,,"Villa D58, Flame Tree Ridge A",DN 7-08 & 28-08 & 11-09,master-stock-list-05-10
receive,9645362,"70PD & 90HI, 35PD CW - 7pcs",2.0,,"Villa D58, Flame Tree Ridge A",DN 7-08 & 28-08 & 11-09,master-stock-list-05-10
receive,9645368,"70PD & 90HI, 35PD CW - 7pcs",2.0,,"Villa D58, Flame Tree Ridge A",DN 7-08 & 28-08 & 11-09,master-stock-list-05-10
receive,9645370,"70PD & 90HI, 35PD CW - 7pcs",2.0,,"Villa D58, Flame Tree Ridge A",DN 7-08 & 28-08 & 11-09,master-stock-list-05-10
receive,9647594,"70PD & 90HI, 35PD CW - 7pcs",3.0,,"Villa D58, Flame Tree Ridge A",DN 7-08 & 28-08 & 11-09,master-stock-list-05-10
receive,9647595,"70PD & 90HI, 35PD CW - 7pcs",3.0,,"Villa D58, Flame Tree Ridge A",DN 7-08 & 28-08 & 11-09,master-stock-list-05-10
receive,9650457,"70PD & 90HI, 35PD CW - 7pcs",200.0,,"Villa D58, Flame Tree Ridge A",DN 7-08 & 28-08 & 11-09,master-stock-list-05-10
issue,205007,ASE 70 (POCKET SLIDING),100.0,1361 - C35,1361,Allocated to 1361 - C35,master-stock-list-05-10
issue,205080,ASE 70 (POCKET SLIDING),100.0,1361 - C35,1361,Allocated to 1361 - C35,master-stock-list-05-10
issue,205292,ASE 70 (POCKET SLIDING),100.0,1361 - C35,1361,Allocated to 1361 - C35,master-stock-list-05-10
issue,205390,ASE 70 (POCKET SLIDING),100.0,1361 - C35,1361,Allocated to 1361 - C35,master-stock-list-05-10
issue,205436,ASE 70 (POCKET SLIDING),200.0,1361 - C35,1361,Allocated to 1361 - C35,master-stock-list-05-10
issue,205876,ASE 70 (POCKET SLIDING),100.0,1361 - C35,1361,Allocated to 1361 - C35,master-stock-list-05-10
issue,205930,ASE 70 (POCKET SLIDING),100.0,1361 - C35,1361,Allocated to 1361 - C35,master-stock-list-05-10
issue,218170,ASE 70 (POCKET SLIDING),100.0,1361 - C35,1361,Allocated to 1361 - C35,master-stock-list-05-10
issue,224073,ASE 70 (POCKET SLIDING),76.0,1361 - C35,1361,Allocated to 1361 - C35,master-stock-list-05-10
issue,224690,ASE 70 (POCKET SLIDING),40.0,1361 - C35,1361,Allocated to 1361 - C35,master-stock-list-05-10
issue,225015,ASE 70 (POCKET SLIDING),100.0,1361 - C35,1361,Allocated to 1361 - C35,master-stock-list-05-10
issue,225089,ASE 70 (POCKET SLIDING),100.0,1361 - C35,1361,Allocated to 1361 - C35,master-stock-list-05-10
issue,225116,ASE 70 (POCKET SLIDING),100.0,1361 - C35,1361,Allocated to 1361 - C35,master-stock-list-05-10
issue,225137,ASE 70 (POCKET SLIDING),100.0,1361 - C35,1361,Allocated to 1361 - C35,master-stock-list-05-10
issue,240790,ASE 70 (POCKET SLIDING),1.0,1361 - C35,1361,Allocated to 1361 - C35,master-stock-list-05-10
issue,240793,ASE 70 (POCKET SLIDING),1.0,1361 - C35,1361,Allocated to 1361 - C35,master-stock-list-05-10
issue,240802,ASE 70 (POCKET SLIDING),2.0,1361 - C35,1361,Allocated to 1361 - C35,master-stock-list-05-10
issue,240904,ASE 70 (POCKET SLIDING),1.0,1361 - C35,1361,Allocated to 1361 - C35,master-stock-list-05-10
issue,240905,ASE 70 (POCKET SLIDING),1.0,1361 - C35,1361,Allocated to 1361 - C35,master-stock-list-05-10
issue,244058,ASE 70 (POCKET SLIDING),200.0,1361 - C35,1361,Allocated to 1361 - C35,master-stock-list-05-10
issue,244202,ASE 70 (POCKET SLIDING),200.0,1361 - C35,1361,Allocated to 1361 - C35,master-stock-list-05-10
issue,244512,ASE 70 (POCKET SLIDING),200.0,1361 - C35,1361,Allocated to 1361 - C35,master-stock-list-05-10
issue,246145,ASE 70 (POCKET SLIDING),22.0,1361 - C35,1361,Allocated to 1361 - C35,master-stock-list-05-10
issue,254519,ASE 70 (POCKET SLIDING),50.0,1361 - C35,1361,Allocated to 1361 - C35,master-stock-list-05-10
issue,265599,ASE 70 (POCKET SLIDING),10.0,1361 - C35,1361,Allocated to 1361 - C35,master-stock-list-05-10
issue,267990,ASE 70 (POCKET SLIDING),30.0,1361 - C35,1361,Allocated to 1361 - C35,master-stock-list-05-10
issue,276879,ASE 70 (POCKET SLIDING),6.0,1361 - C35,1361,Allocated to 1361 - C35,master-stock-list-05-10
issue,281679,ASE 70 (POCKET SLIDING),10.0,1361 - C35,1361,Allocated to 1361 - C35,master-stock-list-05-10
issue,284071,ASE 70 (POCKET SLIDING),8.0,1361 - C35,1361,Allocated to 1361 - C35,master-stock-list-05-10
issue,284819,ASE 70 (POCKET SLIDING),16.0,1361 - C35,1361,Allocated to 1361 - C35,master-stock-list-05-10
issue,288180,ASE 70 (POCKET SLIDING),12.0,1361 - C35,1361,Allocated to 1361 - C35,master-stock-list-05-10
issue,288181,ASE 70 (POCKET SLIDING),2.0,1361 - C35,1361,Allocated to 1361 - C35,master-stock-list-05-10
issue,291009,ASE 70 (POCKET SLIDING),400.0,1361 - C35,1361,Allocated to 1361 - C35,master-stock-list-05-10
issue,298892,ASE 70 (POCKET SLIDING),100.0,1361 - C35,1361,Allocated to 1361 - C35,master-stock-list-05-10
issue,298900,ASE 70 (POCKET SLIDING),5.0,1361 - C35,1361,Allocated to 1361 - C35,master-stock-list-05-10
issue,9626192,ASE 70 (POCKET SLIDING),6.0,1361 - C35,1361,Allocated to 1361 - C35,master-stock-list-05-10
issue,9626193,ASE 70 (POCKET SLIDING),6.0,1361 - C35,1361,Allocated to 1361 - C35,master-stock-list-05-10
issue,9626195,ASE 70 (POCKET SLIDING),10.0,1361 - C35,1361,Allocated to 1361 - C35,master-stock-list-05-10
issue,9626196,ASE 70 (POCKET SLIDING),10.0,1361 - C35,1361,Allocated to 1361 - C35,master-stock-list-05-10
issue,9626213,ASE 70 (POCKET SLIDING),12.0,1361 - C35,1361,Allocated to 1361 - C35,master-stock-list-05-10
issue,9626617,ASE 70 (POCKET SLIDING),6.0,1361 - C35,1361,Allocated to 1361 - C35,master-stock-list-05-10
issue,9633805,ASE 70 (POCKET SLIDING),3.0,1361 - C35,1361,Allocated to 1361 - C35,master-stock-list-05-10
issue,9633806,ASE 70 (POCKET SLIDING),3.0,1361 - C35,1361,Allocated to 1361 - C35,master-stock-list-05-10
issue,9633807,ASE 70 (POCKET SLIDING),50.0,1361 - C35,1361,Allocated to 1361 - C35,master-stock-list-05-10
issue,9643167,ASE 70 (POCKET SLIDING),3.0,1361 - C35,1361,Allocated to 1361 - C35,master-stock-list-05-10
issue,9643168,ASE 70 (POCKET SLIDING),6.0,1361 - C35,1361,Allocated to 1361 - C35,master-stock-list-05-10
issue,9643174,ASE 70 (POCKET SLIDING),4.0,1361 - C35,1361,Allocated to 1361 - C35,master-stock-list-05-10
issue,9643176,ASE 70 (POCKET SLIDING),11.0,1361 - C35,1361,Allocated to 1361 - C35,master-stock-list-05-10
issue,9643177,ASE 70 (POCKET SLIDING),11.0,1361 - C35,1361,Allocated to 1361 - C35,master-stock-list-05-10
issue,9643180,ASE 70 (POCKET SLIDING),4.0,1361 - C35,1361,Allocated to 1361 - C35,master-stock-list-05-10
issue,9643181,ASE 70 (POCKET SLIDING),2.0,1361 - C35,1361,Allocated to 1361 - C35,master-stock-list-05-10
issue,9643189,ASE 70 (POCKET SLIDING),11.0,1361 - C35,1361,Allocated to 1361 - C35,master-stock-list-05-10
issue,9643193,ASE 70 (POCKET SLIDING),2.0,1361 - C35,1361,Allocated to 1361 - C35,master-stock-list-05-10
issue,9643194,ASE 70 (POCKET SLIDING),13.0,1361 - C35,1361,Allocated to 1361 - C35,master-stock-list-05-10
issue,9643195,ASE 70 (POCKET SLIDING),13.0,1361 - C35,1361,Allocated to 1361 - C35,master-stock-list-05-10
issue,9643196,ASE 70 (POCKET SLIDING),2.0,1361 - C35,1361,Allocated to 1361 - C35,master-stock-list-05-10
issue,9643200,ASE 70 (POCKET SLIDING),11.0,1361 - C35,1361,Allocated to 1361 - C35,master-stock-list-05-10
issue,9643202,ASE 70 (POCKET SLIDING),50.0,1361 - C35,1361,Allocated to 1361 - C35,master-stock-list-05-10
issue,9643203,ASE 70 (POCKET SLIDING),50.0,1361 - C35,1361,Allocated to 1361 - C35,master-stock-list-05-10
issue,9643204,ASE 70 (POCKET SLIDING),16.0,1361 - C35,1361,Allocated to 1361 - C35,master-stock-list-05-10
issue,9644717,ASE 70 (POCKET SLIDING),6.0,1361 - C35,1361,Allocated to 1361 - C35,master-stock-list-05-10
issue,9645362,ASE 70 (POCKET SLIDING),3.0,1361 - C35,1361,Allocated to 1361 - C35,master-stock-list-05-10
issue,9645368,ASE 70 (POCKET SLIDING),3.0,1361 - C35,1361,Allocated to 1361 - C35,master-stock-list-05-10
issue,9645370,ASE 70 (POCKET SLIDING),3.0,1361 - C35,1361,Allocated to 1361 - C35,master-stock-list-05-10
issue,9647594,ASE 70 (POCKET SLIDING),10.0,1361 - C35,1361,Allocated to 1361 - C35,master-stock-list-05-10
issue,9647595,ASE 70 (POCKET SLIDING),10.0,1361 - C35,1361,Allocated to 1361 - C35,master-stock-list-05-10
issue,9650457,ASE 70 (POCKET SLIDING),100.0,1361 - C35,1361,Allocated to 1361 - C35,master-stock-list-05-10
issue,9651359,ASE 70 (POCKET SLIDING),3.0,1361 - C35,1361,Allocated to 1361 - C35,master-stock-list-05-10
issue,9659956,ASE 70 (POCKET SLIDING),5.0,1361 - C35,1361,Allocated to 1361 - C35,master-stock-list-05-10
issue,9660994,ASE 70 (POCKET SLIDING),400.0,1361 - C35,1361,Allocated to 1361 - C35,master-stock-list-05-10
issue,112720,ASE 80 Lift & Slide + CW,14.0,1383 - APARTMENT 603,"Apartment 603, Kempinski Residences",Allocated to 1383 - APARTMENT 603,master-stock-list-05-10
issue,132710,ASE 80 Lift & Slide + CW,5.0,1383 - APARTMENT 603,"Apartment 603, Kempinski Residences",Allocated to 1383 - APARTMENT 603,master-stock-list-05-10
issue,138820,ASE 80 Lift & Slide + CW,5.0,1383 - APARTMENT 603,"Apartment 603, Kempinski Residences",Allocated to 1383 - APARTMENT 603,master-stock-list-05-10
issue,138880,ASE 80 Lift & Slide + CW,9.0,1383 - APARTMENT 603,"Apartment 603, Kempinski Residences",Allocated to 1383 - APARTMENT 603,master-stock-list-05-10
issue,175780,ASE 80 Lift & Slide + CW,4.0,1383 - APARTMENT 603,"Apartment 603, Kempinski Residences",Allocated to 1383 - APARTMENT 603,master-stock-list-05-10
issue,176040,ASE 80 Lift & Slide + CW,2.0,1383 - APARTMENT 603,"Apartment 603, Kempinski Residences",Allocated to 1383 - APARTMENT 603,master-stock-list-05-10
issue,184020,ASE 80 Lift & Slide + CW,12.0,1383 - APARTMENT 603,"Apartment 603, Kempinski Residences",Allocated to 1383 - APARTMENT 603,master-stock-list-05-10
issue,201316,ASE 80 Lift & Slide + CW,3.0,1383 - APARTMENT 603,"Apartment 603, Kempinski Residences",Allocated to 1383 - APARTMENT 603,master-stock-list-05-10
issue,203102,ASE 80 Lift & Slide + CW,500.0,1383 - APARTMENT 603,"Apartment 603, Kempinski Residences",Allocated to 1383 - APARTMENT 603,master-stock-list-05-10
issue,203208,ASE 80 Lift & Slide + CW,2.0,1383 - APARTMENT 603,"Apartment 603, Kempinski Residences",Allocated to 1383 - APARTMENT 603,master-stock-list-05-10
issue,205381,ASE 80 Lift & Slide + CW,100.0,1383 - APARTMENT 603,"Apartment 603, Kempinski Residences",Allocated to 1383 - APARTMENT 603,master-stock-list-05-10
issue,205437,ASE 80 Lift & Slide + CW,550.0,1383 - APARTMENT 603,"Apartment 603, Kempinski Residences",Allocated to 1383 - APARTMENT 603,master-stock-list-05-10
issue,205492,ASE 80 Lift & Slide + CW,10.0,1383 - APARTMENT 603,"Apartment 603, Kempinski Residences",Allocated to 1383 - APARTMENT 603,master-stock-list-05-10
issue,205639,ASE 80 Lift & Slide + CW,100.0,1383 - APARTMENT 603,"Apartment 603, Kempinski Residences",Allocated to 1383 - APARTMENT 603,master-stock-list-05-10
issue,205827,ASE 80 Lift & Slide + CW,250.0,1383 - APARTMENT 603,"Apartment 603, Kempinski Residences",Allocated to 1383 - APARTMENT 603,master-stock-list-05-10
issue,205895,ASE 80 Lift & Slide + CW,100.0,1383 - APARTMENT 603,"Apartment 603, Kempinski Residences",Allocated to 1383 - APARTMENT 603,master-stock-list-05-10
issue,207047,ASE 80 Lift & Slide + CW,8.0,1383 - APARTMENT 603,"Apartment 603, Kempinski Residences",Allocated to 1383 - APARTMENT 603,master-stock-list-05-10
issue,218157,ASE 80 Lift & Slide + CW,300.0,1383 - APARTMENT 603,"Apartment 603, Kempinski Residences",Allocated to 1383 - APARTMENT 603,master-stock-list-05-10
issue,219657,ASE 80 Lift & Slide + CW,1.0,1383 - APARTMENT 603,"Apartment 603, Kempinski Residences",Allocated to 1383 - APARTMENT 603,master-stock-list-05-10
issue,220328,ASE 80 Lift & Slide + CW,10.0,1383 - APARTMENT 603,"Apartment 603, Kempinski Residences",Allocated to 1383 - APARTMENT 603,master-stock-list-05-10
issue,220991,ASE 80 Lift & Slide + CW,8.0,1383 - APARTMENT 603,"Apartment 603, Kempinski Residences",Allocated to 1383 - APARTMENT 603,master-stock-list-05-10
issue,224073,ASE 80 Lift & Slide + CW,13.0,1383 - APARTMENT 603,"Apartment 603, Kempinski Residences",Allocated to 1383 - APARTMENT 603,master-stock-list-05-10
issue,225083,ASE 80 Lift & Slide + CW,100.0,1383 - APARTMENT 603,"Apartment 603, Kempinski Residences",Allocated to 1383 - APARTMENT 603,master-stock-list-05-10
issue,225089,ASE 80 Lift & Slide + CW,200.0,1383 - APARTMENT 603,"Apartment 603, Kempinski Residences",Allocated to 1383 - APARTMENT 603,master-stock-list-05-10
issue,225174,ASE 80 Lift & Slide + CW,700.0,1383 - APARTMENT 603,"Apartment 603, Kempinski Residences",Allocated to 1383 - APARTMENT 603,master-stock-list-05-10
issue,225268,ASE 80 Lift & Slide + CW,100.0,1383 - APARTMENT 603,"Apartment 603, Kempinski Residences",Allocated to 1383 - APARTMENT 603,master-stock-list-05-10
issue,235403,ASE 80 Lift & Slide + CW,16.0,1383 - APARTMENT 603,"Apartment 603, Kempinski Residences",Allocated to 1383 - APARTMENT 603,master-stock-list-05-10
issue,235405,ASE 80 Lift & Slide + CW,16.0,1383 - APARTMENT 603,"Apartment 603, Kempinski Residences",Allocated to 1383 - APARTMENT 603,master-stock-list-05-10
issue,235694,ASE 80 Lift & Slide + CW,28.0,1383 - APARTMENT 603,"Apartment 603, Kempinski Residences",Allocated to 1383 - APARTMENT 603,master-stock-list-05-10
issue,235903,ASE 80 Lift & Slide + CW,20.0,1383 - APARTMENT 603,"Apartment 603, Kempinski Residences",Allocated to 1383 - APARTMENT 603,master-stock-list-05-10
issue,238824,ASE 80 Lift & Slide + CW,40.0,1383 - APARTMENT 603,"Apartment 603, Kempinski Residences",Allocated to 1383 - APARTMENT 603,master-stock-list-05-10
issue,240458,ASE 80 Lift & Slide + CW,8.0,1383 - APARTMENT 603,"Apartment 603, Kempinski Residences",Allocated to 1383 - APARTMENT 603,master-stock-list-05-10
issue,242028,ASE 80 Lift & Slide + CW,20.0,1383 - APARTMENT 603,"Apartment 603, Kempinski Residences",Allocated to 1383 - APARTMENT 603,master-stock-list-05-10
issue,244058,ASE 80 Lift & Slide + CW,200.0,1383 - APARTMENT 603,"Apartment 603, Kempinski Residences",Allocated to 1383 - APARTMENT 603,master-stock-list-05-10
issue,244178,ASE 80 Lift & Slide + CW,100.0,1383 - APARTMENT 603,"Apartment 603, Kempinski Residences",Allocated to 1383 - APARTMENT 603,master-stock-list-05-10
issue,244669,ASE 80 Lift & Slide + CW,40.0,1383 - APARTMENT 603,"Apartment 603, Kempinski Residences",Allocated to 1383 - APARTMENT 603,master-stock-list-05-10
issue,244670,ASE 80 Lift & Slide + CW,100.0,1383 - APARTMENT 603,"Apartment 603, Kempinski Residences",Allocated to 1383 - APARTMENT 603,master-stock-list-05-10
issue,244829,ASE 80 Lift & Slide + CW,100.0,1383 - APARTMENT 603,"Apartment 603, Kempinski Residences",Allocated to 1383 - APARTMENT 603,master-stock-list-05-10
issue,244831,ASE 80 Lift & Slide + CW,32.0,1383 - APARTMENT 603,"Apartment 603, Kempinski Residences",Allocated to 1383 - APARTMENT 603,master-stock-list-05-10
issue,245059,ASE 80 Lift & Slide + CW,8.0,1383 - APARTMENT 603,"Apartment 603, Kempinski Residences",Allocated to 1383 - APARTMENT 603,master-stock-list-05-10
issue,245611,ASE 80 Lift & Slide + CW,9.0,1383 - APARTMENT 603,"Apartment 603, Kempinski Residences",Allocated to 1383 - APARTMENT 603,master-stock-list-05-10
issue,245647,ASE 80 Lift & Slide + CW,13.0,1383 - APARTMENT 603,"Apartment 603, Kempinski Residences",Allocated to 1383 - APARTMENT 603,master-stock-list-05-10
issue,245830,ASE 80 Lift & Slide + CW,100.0,1383 - APARTMENT 603,"Apartment 603, Kempinski Residences",Allocated to 1383 - APARTMENT 603,master-stock-list-05-10
issue,246472,ASE 80 Lift & Slide + CW,100.0,1383 - APARTMENT 603,"Apartment 603, Kempinski Residences",Allocated to 1383 - APARTMENT 603,master-stock-list-05-10
issue,246486,ASE 80 Lift & Slide + CW,300.0,1383 - APARTMENT 603,"Apartment 603, Kempinski Residences",Allocated to 1383 - APARTMENT 603,master-stock-list-05-10
issue,265266,ASE 80 Lift & Slide + CW,40.0,1383 - APARTMENT 603,"Apartment 603, Kempinski Residences",Allocated to 1383 - APARTMENT 603,master-stock-list-05-10
issue,265292,ASE 80 Lift & Slide + CW,100.0,1383 - APARTMENT 603,"Apartment 603, Kempinski Residences",Allocated to 1383 - APARTMENT 603,master-stock-list-05-10
issue,265365,ASE 80 Lift & Slide + CW,20.0,1383 - APARTMENT 603,"Apartment 603, Kempinski Residences",Allocated to 1383 - APARTMENT 603,master-stock-list-05-10
issue,265562,ASE 80 Lift & Slide + CW,20.0,1383 - APARTMENT 603,"Apartment 603, Kempinski Residences",Allocated to 1383 - APARTMENT 603,master-stock-list-05-10
issue,265564,ASE 80 Lift & Slide + CW,20.0,1383 - APARTMENT 603,"Apartment 603, Kempinski Residences",Allocated to 1383 - APARTMENT 603,master-stock-list-05-10
issue,265681,ASE 80 Lift & Slide + CW,8.0,1383 - APARTMENT 603,"Apartment 603, Kempinski Residences",Allocated to 1383 - APARTMENT 603,master-stock-list-05-10
issue,266561,ASE 80 Lift & Slide + CW,24.0,1383 - APARTMENT 603,"Apartment 603, Kempinski Residences",Allocated to 1383 - APARTMENT 603,master-stock-list-05-10
issue,267446,ASE 80 Lift & Slide + CW,80.0,1383 - APARTMENT 603,"Apartment 603, Kempinski Residences",Allocated to 1383 - APARTMENT 603,master-stock-list-05-10
issue,268611,ASE 80 Lift & Slide + CW,70.0,1383 - APARTMENT 603,"Apartment 603, Kempinski Residences",Allocated to 1383 - APARTMENT 603,master-stock-list-05-10
issue,269411,ASE 80 Lift & Slide + CW,8.0,1383 - APARTMENT 603,"Apartment 603, Kempinski Residences",Allocated to 1383 - APARTMENT 603,master-stock-list-05-10
issue,275271,ASE 80 Lift & Slide + CW,8.0,1383 - APARTMENT 603,"Apartment 603, Kempinski Residences",Allocated to 1383 - APARTMENT 603,master-stock-list-05-10
issue,276870,ASE 80 Lift & Slide + CW,8.0,1383 - APARTMENT 603,"Apartment 603, Kempinski Residences",Allocated to 1383 - APARTMENT 603,master-stock-list-05-10
issue,276871,ASE 80 Lift & Slide + CW,8.0,1383 - APARTMENT 603,"Apartment 603, Kempinski Residences",Allocated to 1383 - APARTMENT 603,master-stock-list-05-10
issue,278034,ASE 80 Lift & Slide + CW,40.0,1383 - APARTMENT 603,"Apartment 603, Kempinski Residences",Allocated to 1383 - APARTMENT 603,master-stock-list-05-10
issue,278168,ASE 80 Lift & Slide + CW,13.0,1383 - APARTMENT 603,"Apartment 603, Kempinski Residences",Allocated to 1383 - APARTMENT 603,master-stock-list-05-10
issue,278419,ASE 80 Lift & Slide + CW,3.0,1383 - APARTMENT 603,"Apartment 603, Kempinski Residences",Allocated to 1383 - APARTMENT 603,master-stock-list-05-10
issue,278559,ASE 80 Lift & Slide + CW,26.0,1383 - APARTMENT 603,"Apartment 603, Kempinski Residences",Allocated to 1383 - APARTMENT 603,master-stock-list-05-10
issue,278602,ASE 80 Lift & Slide + CW,40.0,1383 - APARTMENT 603,"Apartment 603, Kempinski Residences",Allocated to 1383 - APARTMENT 603,master-stock-list-05-10
issue,278679,ASE 80 Lift & Slide + CW,8.0,1383 - APARTMENT 603,"Apartment 603, Kempinski Residences",Allocated to 1383 - APARTMENT 603,master-stock-list-05-10
issue,278681,ASE 80 Lift & Slide + CW,8.0,1383 - APARTMENT 603,"Apartment 603, Kempinski Residences",Allocated to 1383 - APARTMENT 603,master-stock-list-05-10
issue,281214,ASE 80 Lift & Slide + CW,8.0,1383 - APARTMENT 603,"Apartment 603, Kempinski Residences",Allocated to 1383 - APARTMENT 603,master-stock-list-05-10
issue,281295,ASE 80 Lift & Slide + CW,20.0,1383 - APARTMENT 603,"Apartment 603, Kempinski Residences",Allocated to 1383 - APARTMENT 603,master-stock-list-05-10
issue,281296,ASE 80 Lift & Slide + CW,10.0,1383 - APARTMENT 603,"Apartment 603, Kempinski Residences",Allocated to 1383 - APARTMENT 603,master-stock-list-05-10
issue,281632,ASE 80 Lift & Slide + CW,21.0,1383 - APARTMENT 603,"Apartment 603, Kempinski Residences",Allocated to 1383 - APARTMENT 603,master-stock-list-05-10
issue,281687,ASE 80 Lift & Slide + CW,1.0,1383 - APARTMENT 603,"Apartment 603, Kempinski Residences",Allocated to 1383 - APARTMENT 603,master-stock-list-05-10
issue,281697,ASE 80 Lift & Slide + CW,300.0,1383 - APARTMENT 603,"Apartment 603, Kempinski Residences",Allocated to 1383 - APARTMENT 603,master-stock-list-05-10
issue,284163,ASE 80 Lift & Slide + CW,20.0,1383 - APARTMENT 603,"Apartment 603, Kempinski Residences",Allocated to 1383 - APARTMENT 603,master-stock-list-05-10
issue,284321,ASE 80 Lift & Slide + CW,100.0,1383 - APARTMENT 603,"Apartment 603, Kempinski Residences",Allocated to 1383 - APARTMENT 603,master-stock-list-05-10
issue,284837,ASE 80 Lift & Slide + CW,100.0,1383 - APARTMENT 603,"Apartment 603, Kempinski Residences",Allocated to 1383 - APARTMENT 603,master-stock-list-05-10
issue,288775,ASE 80 Lift & Slide + CW,100.0,1383 - APARTMENT 603,"Apartment 603, Kempinski Residences",Allocated to 1383 - APARTMENT 603,master-stock-list-05-10
issue,298354,ASE 80 Lift & Slide + CW,6.0,1383 - APARTMENT 603,"Apartment 603, Kempinski Residences",Allocated to 1383 - APARTMENT 603,master-stock-list-05-10
issue,298444,ASE 80 Lift & Slide + CW,50.0,1383 - APARTMENT 603,"Apartment 603, Kempinski Residences",Allocated to 1383 - APARTMENT 603,master-stock-list-05-10
issue,298900,ASE 80 Lift & Slide + CW,3.0,1383 - APARTMENT 603,"Apartment 603, Kempinski Residences",Allocated to 1383 - APARTMENT 603,master-stock-list-05-10
issue,306300,ASE 80 Lift & Slide + CW,9.0,1383 - APARTMENT 603,"Apartment 603, Kempinski Residences",Allocated to 1383 - APARTMENT 603,master-stock-list-05-10
issue,322290,ASE 80 Lift & Slide + CW,14.0,1383 - APARTMENT 603,"Apartment 603, Kempinski Residences",Allocated to 1383 - APARTMENT 603,master-stock-list-05-10
issue,322430,ASE 80 Lift & Slide + CW,14.0,1383 - APARTMENT 603,"Apartment 603, Kempinski Residences",Allocated to 1383 - APARTMENT 603,master-stock-list-05-10
issue,345110,ASE 80 Lift & Slide + CW,13.0,1383 - APARTMENT 603,"Apartment 603, Kempinski Residences",Allocated to 1383 - APARTMENT 603,master-stock-list-05-10
issue,460680,ASE 80 Lift & Slide + CW,3.0,1383 - APARTMENT 603,"Apartment 603, Kempinski Residences",Allocated to 1383 - APARTMENT 603,master-stock-list-05-10
issue,460770,ASE 80 Lift & Slide + CW,4.0,1383 - APARTMENT 603,"Apartment 603, Kempinski Residences",Allocated to 1383 - APARTMENT 603,master-stock-list-05-10
issue,460780,ASE 80 Lift & Slide + CW,2.0,1383 - APARTMENT 603,"Apartment 603, Kempinski Residences",Allocated to 1383 - APARTMENT 603,master-stock-list-05-10
issue,477600,ASE 80 Lift & Slide + CW,27.0,1383 - APARTMENT 603,"Apartment 603, Kempinski Residences",Allocated to 1383 - APARTMENT 603,master-stock-list-05-10
issue,485990,ASE 80 Lift & Slide + CW,4.0,1383 - APARTMENT 603,"Apartment 603, Kempinski Residences",Allocated to 1383 - APARTMENT 603,master-stock-list-05-10
issue,493730,ASE 80 Lift & Slide + CW,14.0,1383 - APARTMENT 603,"Apartment 603, Kempinski Residences",Allocated to 1383 - APARTMENT 603,master-stock-list-05-10
issue,503030,ASE 80 Lift & Slide + CW,6.0,1383 - APARTMENT 603,"Apartment 603, Kempinski Residences",Allocated to 1383 - APARTMENT 603,master-stock-list-05-10
issue,503040,ASE 80 Lift & Slide + CW,8.0,1383 - APARTMENT 603,"Apartment 603, Kempinski Residences",Allocated to 1383 - APARTMENT 603,master-stock-list-05-10
issue,542000,ASE 80 Lift & Slide + CW,10.0,1383 - APARTMENT 603,"Apartment 603, Kempinski Residences",Allocated to 1383 - APARTMENT 603,master-stock-list-05-10
issue,542910,ASE 80 Lift & Slide + CW,13.0,1383 - APARTMENT 603,"Apartment 603, Kempinski Residences",Allocated to 1383 - APARTMENT 603,master-stock-list-05-10
issue,542920,ASE 80 Lift & Slide + CW,13.0,1383 - APARTMENT 603,"Apartment 603, Kempinski Residences",Allocated to 1383 - APARTMENT 603,master-stock-list-05-10
issue,542950,ASE 80 Lift & Slide + CW,5.0,1383 - APARTMENT 603,"Apartment 603, Kempinski Residences",Allocated to 1383 - APARTMENT 603,master-stock-list-05-10
issue,9665595,ASE 80 Lift & Slide + CW,5.0,1383 - APARTMENT 603,"Apartment 603, Kempinski Residences",Allocated to 1383 - APARTMENT 603,master-stock-list-05-10
issue,9665597,ASE 80 Lift & Slide + CW,5.0,1383 - APARTMENT 603,"Apartment 603, Kempinski Residences",Allocated to 1383 - APARTMENT 603,master-stock-list-05-10
issue,9665599,ASE 80 Lift & Slide + CW,2.0,1383 - APARTMENT 603,"Apartment 603, Kempinski Residences",Allocated to 1383 - APARTMENT 603,master-stock-list-05-10
issue,218779,AWS65,24.0,1348 - RASHA,"MISSING ITEM (RASHA-85, MEADOWS-09, K80)",Allocated to 1348 - RASHA,master-stock-list-05-10
issue,228376,AWS65,12.0,1348 - RASHA,"MISSING ITEM (RASHA-85, MEADOWS-09, K80)",Allocated to 1348 - RASHA,master-stock-list-05-10
issue,236044,AWS65,12.0,1348 - RASHA,"MISSING ITEM (RASHA-85, MEADOWS-09, K80)",Allocated to 1348 - RASHA,master-stock-list-05-10
issue,236249,AWS65,2.0,1350 - MEADOWS-09,"MISSING ITEM (RASHA-85, MEADOWS-09, K80)",Allocated to 1350 - MEADOWS-09,master-stock-list-05-10
issue,236965,AWS65,6.0,1348 - RASHA,"MISSING ITEM (RASHA-85, MEADOWS-09, K80)",Allocated to 1348 - RASHA,master-stock-list-05-10
issue,241280,AWS65,3.0,1350 - MEADOWS-09,"MISSING ITEM (RASHA-85, MEADOWS-09, K80)",Allocated to 1350 - MEADOWS-09,master-stock-list-05-10
issue,241463,AWS65,1.0,1350 - MEADOWS-09,"MISSING ITEM (RASHA-85, MEADOWS-09, K80)",Allocated to 1350 - MEADOWS-09,master-stock-list-05-10
issue,266806,AWS65,24.0,1348 - RASHA,"MISSING ITEM (RASHA-85, MEADOWS-09, K80)",Allocated to 1348 - RASHA,master-stock-list-05-10
issue,275122,AWS65,6.0,1348 - RASHA,"MISSING ITEM (RASHA-85, MEADOWS-09, K80)",Allocated to 1348 - RASHA,master-stock-list-05-10
issue,276199,AWS65,8.0,1350 - MEADOWS-09,"MISSING ITEM (RASHA-85, MEADOWS-09, K80)",Allocated to 1350 - MEADOWS-09,master-stock-list-05-10
issue,277098,AWS65,6.0,1348 - RASHA,"MISSING ITEM (RASHA-85, MEADOWS-09, K80)",Allocated to 1348 - RASHA,master-stock-list-05-10
issue,277377,AWS65,6.0,1348 - RASHA,"MISSING ITEM (RASHA-85, MEADOWS-09, K80)",Allocated to 1348 - RASHA,master-stock-list-05-10
issue,313570,AWS65,0.25,1348 - RASHA,"MISSING ITEM (RASHA-85, MEADOWS-09, K80)",Allocated to 1348 - RASHA,master-stock-list-05-10
issue,345230,AWS65,1.0,1350 - MEADOWS-09,"MISSING ITEM (RASHA-85, MEADOWS-09, K80)",Allocated to 1350 - MEADOWS-09,master-stock-list-05-10
issue,345330,AWS65,2.0,1348 - RASHA,"MISSING ITEM (RASHA-85, MEADOWS-09, K80)",Allocated to 1348 - RASHA,master-stock-list-05-10
issue,347290,AWS65,2.0,1348 - RASHA,"MISSING ITEM (RASHA-85, MEADOWS-09, K80)",Allocated to 1348 - RASHA,master-stock-list-05-10
issue,398040,AWS65,1.0,1350 - MEADOWS-09,"MISSING ITEM (RASHA-85, MEADOWS-09, K80)",Allocated to 1350 - MEADOWS-09,master-stock-list-05-10
issue,467860,AWS65,0.25,1348 - RASHA,"MISSING ITEM (RASHA-85, MEADOWS-09, K80)",Allocated to 1348 - RASHA,master-stock-list-05-10
issue,467910,AWS65,0.25,1348 - RASHA,"MISSING ITEM (RASHA-85, MEADOWS-09, K80)",Allocated to 1348 - RASHA,master-stock-list-05-10
issue,467920,AWS65,0.25,1348 - RASHA,"MISSING ITEM (RASHA-85, MEADOWS-09, K80)",Allocated to 1348 - RASHA,master-stock-list-05-10
issue,183070,ADS / AWS 65,3.0,1392 - MARSA AL ARAB,Marsa Al Arab,Allocated to 1392 - MARSA AL ARAB,master-stock-list-05-10
issue,184030,ADS / AWS 65,14.0,1392 - MARSA AL ARAB,Marsa Al Arab,Allocated to 1392 - MARSA AL ARAB,master-stock-list-05-10
issue,203102,ADS / AWS 65,372.0,1392 - MARSA AL ARAB,Marsa Al Arab,Allocated to 1392 - MARSA AL ARAB,master-stock-list-05-10
issue,205080,ADS / AWS 65,157.0,1392 - MARSA AL ARAB,Marsa Al Arab,Allocated to 1392 - MARSA AL ARAB,master-stock-list-05-10
issue,205081,ADS / AWS 65,78.0,1392 - MARSA AL ARAB,Marsa Al Arab,Allocated to 1392 - MARSA AL ARAB,master-stock-list-05-10
issue,205437,ADS / AWS 65,58.0,1392 - MARSA AL ARAB,Marsa Al Arab,Allocated to 1392 - MARSA AL ARAB,master-stock-list-05-10
issue,207981,ADS / AWS 65,4.0,1392 - MARSA AL ARAB,Marsa Al Arab,Allocated to 1392 - MARSA AL ARAB,master-stock-list-05-10
issue,211849,ADS / AWS 65,4.0,1392 - MARSA AL ARAB,Marsa Al Arab,Allocated to 1392 - MARSA AL ARAB,master-stock-list-05-10
issue,216418,ADS / AWS 65,16.0,1392 - MARSA AL ARAB,Marsa Al Arab,Allocated to 1392 - MARSA AL ARAB,master-stock-list-05-10
issue,216488,ADS / AWS 65,20.0,1392 - MARSA AL ARAB,Marsa Al Arab,Allocated to 1392 - MARSA AL ARAB,master-stock-list-05-10
issue,216489,ADS / AWS 65,20.0,1392 - MARSA AL ARAB,Marsa Al Arab,Allocated to 1392 - MARSA AL ARAB,master-stock-list-05-10
issue,218057,ADS / AWS 65,56.0,1392 - MARSA AL ARAB,Marsa Al Arab,Allocated to 1392 - MARSA AL ARAB,master-stock-list-05-10
issue,218157,ADS / AWS 65,184.0,1392 - MARSA AL ARAB,Marsa Al Arab,Allocated to 1392 - MARSA AL ARAB,master-stock-list-05-10
issue,218171,ADS / AWS 65,112.0,1392 - MARSA AL ARAB,Marsa Al Arab,Allocated to 1392 - MARSA AL ARAB,master-stock-list-05-10
issue,218436,ADS / AWS 65,5.0,1392 - MARSA AL ARAB,Marsa Al Arab,Allocated to 1392 - MARSA AL ARAB,master-stock-list-05-10
issue,224073,ADS / AWS 65,6.0,1392 - MARSA AL ARAB,Marsa Al Arab,Allocated to 1392 - MARSA AL ARAB,master-stock-list-05-10
issue,224135,ADS / AWS 65,20.0,1392 - MARSA AL ARAB,Marsa Al Arab,Allocated to 1392 - MARSA AL ARAB,master-stock-list-05-10
issue,224541,ADS / AWS 65,28.0,1392 - MARSA AL ARAB,Marsa Al Arab,Allocated to 1392 - MARSA AL ARAB,master-stock-list-05-10
issue,225010,ADS / AWS 65,10.0,1392 - MARSA AL ARAB,Marsa Al Arab,Allocated to 1392 - MARSA AL ARAB,master-stock-list-05-10
issue,227652,ADS / AWS 65,18.0,1392 - MARSA AL ARAB,Marsa Al Arab,Allocated to 1392 - MARSA AL ARAB,master-stock-list-05-10
issue,227812,ADS / AWS 65,5.0,1392 - MARSA AL ARAB,Marsa Al Arab,Allocated to 1392 - MARSA AL ARAB,master-stock-list-05-10
issue,236189,ADS / AWS 65,18.0,1392 - MARSA AL ARAB,Marsa Al Arab,Allocated to 1392 - MARSA AL ARAB,master-stock-list-05-10
issue,238440,ADS / AWS 65,4.0,1392 - MARSA AL ARAB,Marsa Al Arab,Allocated to 1392 - MARSA AL ARAB,master-stock-list-05-10
issue,238441,ADS / AWS 65,5.0,1392 - MARSA AL ARAB,Marsa Al Arab,Allocated to 1392 - MARSA AL ARAB,master-stock-list-05-10
issue,239298,ADS / AWS 65,25.0,1392 - MARSA AL ARAB,Marsa Al Arab,Allocated to 1392 - MARSA AL ARAB,master-stock-list-05-10
issue,239591,ADS / AWS 65,42.0,1392 - MARSA AL ARAB,Marsa Al Arab,Allocated to 1392 - MARSA AL ARAB,master-stock-list-05-10
issue,239612,ADS / AWS 65,42.0,1392 - MARSA AL ARAB,Marsa Al Arab,Allocated to 1392 - MARSA AL ARAB,master-stock-list-05-10
issue,239615,ADS / AWS 65,84.0,1392 - MARSA AL ARAB,Marsa Al Arab,Allocated to 1392 - MARSA AL ARAB,master-stock-list-05-10
issue,239823,ADS / AWS 65,5.0,1392 - MARSA AL ARAB,Marsa Al Arab,Allocated to 1392 - MARSA AL ARAB,master-stock-list-05-10
issue,240153,ADS / AWS 65,8.0,1392 - MARSA AL ARAB,Marsa Al Arab,Allocated to 1392 - MARSA AL ARAB,master-stock-list-05-10
issue,240173,ADS / AWS 65,10.0,1392 - MARSA AL ARAB,Marsa Al Arab,Allocated to 1392 - MARSA AL ARAB,master-stock-list-05-10
issue,240613,ADS / AWS 65,5.0,1392 - MARSA AL ARAB,Marsa Al Arab,Allocated to 1392 - MARSA AL ARAB,master-stock-list-05-10
issue,240655,ADS / AWS 65,5.0,1392 - MARSA AL ARAB,Marsa Al Arab,Allocated to 1392 - MARSA AL ARAB,master-stock-list-05-10
issue,240716,ADS / AWS 65,5.0,1392 - MARSA AL ARAB,Marsa Al Arab,Allocated to 1392 - MARSA AL ARAB,master-stock-list-05-10
issue,240866,ADS / AWS 65,9.0,1392 - MARSA AL ARAB,Marsa Al Arab,Allocated to 1392 - MARSA AL ARAB,master-stock-list-05-10
issue,241282,ADS / AWS 65,5.0,1392 - MARSA AL ARAB,Marsa Al Arab,Allocated to 1392 - MARSA AL ARAB,master-stock-list-05-10
issue,242662,ADS / AWS 65,5.0,1392 - MARSA AL ARAB,Marsa Al Arab,Allocated to 1392 - MARSA AL ARAB,master-stock-list-05-10
issue,242693,ADS / AWS 65,5.0,1392 - MARSA AL ARAB,Marsa Al Arab,Allocated to 1392 - MARSA AL ARAB,master-stock-list-05-10
issue,242885,ADS / AWS 65,5.0,1392 - MARSA AL ARAB,Marsa Al Arab,Allocated to 1392 - MARSA AL ARAB,master-stock-list-05-10
issue,244182,ADS / AWS 65,100.0,1392 - MARSA AL ARAB,Marsa Al Arab,Allocated to 1392 - MARSA AL ARAB,master-stock-list-05-10
issue,244210,ADS / AWS 65,160.0,1392 - MARSA AL ARAB,Marsa Al Arab,Allocated to 1392 - MARSA AL ARAB,master-stock-list-05-10
issue,244654,ADS / AWS 65,6.0,1392 - MARSA AL ARAB,Marsa Al Arab,Allocated to 1392 - MARSA AL ARAB,master-stock-list-05-10
issue,279290,ADS / AWS 65,9.0,1392 - MARSA AL ARAB,Marsa Al Arab,Allocated to 1392 - MARSA AL ARAB,master-stock-list-05-10
issue,284129,ADS / AWS 65,24.0,1392 - MARSA AL ARAB,Marsa Al Arab,Allocated to 1392 - MARSA AL ARAB,master-stock-list-05-10
issue,284826,ADS / AWS 65,90.0,1392 - MARSA AL ARAB,Marsa Al Arab,Allocated to 1392 - MARSA AL ARAB,master-stock-list-05-10
issue,302590,ADS / AWS 65,14.0,1392 - MARSA AL ARAB,Marsa Al Arab,Allocated to 1392 - MARSA AL ARAB,master-stock-list-05-10
issue,313950,ADS / AWS 65,3.0,1392 - MARSA AL ARAB,Marsa Al Arab,Allocated to 1392 - MARSA AL ARAB,master-stock-list-05-10
issue,397850,ADS / AWS 65,3.0,1392 - MARSA AL ARAB,Marsa Al Arab,Allocated to 1392 - MARSA AL ARAB,master-stock-list-05-10
issue,397890,ADS / AWS 65,14.0,1392 - MARSA AL ARAB,Marsa Al Arab,Allocated to 1392 - MARSA AL ARAB,master-stock-list-05-10
issue,398050,ADS / AWS 65,12.0,1392 - MARSA AL ARAB,Marsa Al Arab,Allocated to 1392 - MARSA AL ARAB,master-stock-list-05-10
issue,398060,ADS / AWS 65,12.0,1392 - MARSA AL ARAB,Marsa Al Arab,Allocated to 1392 - MARSA AL ARAB,master-stock-list-05-10
issue,9639350,ADS / AWS 65,2.0,1392 - MARSA AL ARAB,Marsa Al Arab,Allocated to 1392 - MARSA AL ARAB,master-stock-list-05-10
issue,225351,MTO for 54 PD stock,64.0,1348 - RASHA,Rasha + 606+Mea 9 miss access,Allocated to 1348 - RASHA,master-stock-list-05-10
issue,225351,MTO for 54 PD stock,112.0,1350 - MEADOWS-09,Rasha + 606+Mea 9 miss access,Allocated to 1350 - MEADOWS-09,master-stock-list-05-10
issue,225351,MTO for 54 PD stock,16.0,1380 - APARTMENT 606,Rasha + 606+Mea 9 miss access,Allocated to 1380 - APARTMENT 606,master-stock-list-05-10
issue,225351,MTO for 54 PD stock,8.0,1393 - SAVANNAH,Rasha + 606+Mea 9 miss access,Allocated to 1393 - SAVANNAH,master-stock-list-05-10
issue,240154,MTO for 54 PD stock,1.0,1380 - APARTMENT 606,Rasha + 606+Mea 9 miss access,Allocated to 1380 - APARTMENT 606,master-stock-list-05-10
issue,254518,MTO for 54 PD stock,1.0,1380 - APARTMENT 606,Rasha + 606+Mea 9 miss access,Allocated to 1380 - APARTMENT 606,master-stock-list-05-10
issue,267990,MTO for 54 PD stock,30.0,1348 - RASHA,Rasha + 606+Mea 9 miss access,Allocated to 1348 - RASHA,master-stock-list-05-10
issue,267990,MTO for 54 PD stock,30.0,1350 - MEADOWS-09,Rasha + 606+Mea 9 miss access,Allocated to 1350 - MEADOWS-09,master-stock-list-05-10
issue,288320,MTO for 54 PD stock,12.0,1348 - RASHA,Rasha + 606+Mea 9 miss access,Allocated to 1348 - RASHA,master-stock-list-05-10
issue,288320,MTO for 54 PD stock,14.0,1350 - MEADOWS-09,Rasha + 606+Mea 9 miss access,Allocated to 1350 - MEADOWS-09,master-stock-list-05-10
issue,288320,MTO for 54 PD stock,2.0,1380 - APARTMENT 606,Rasha + 606+Mea 9 miss access,Allocated to 1380 - APARTMENT 606,master-stock-list-05-10
issue,288346,MTO for 54 PD stock,4.0,1348 - RASHA,Rasha + 606+Mea 9 miss access,Allocated to 1348 - RASHA,master-stock-list-05-10
issue,288346,MTO for 54 PD stock,7.0,1350 - MEADOWS-09,Rasha + 606+Mea 9 miss access,Allocated to 1350 - MEADOWS-09,master-stock-list-05-10
issue,288346,MTO for 54 PD stock,2.0,1380 - APARTMENT 606,Rasha + 606+Mea 9 miss access,Allocated to 1380 - APARTMENT 606,master-stock-list-05-10
issue,288346,MTO for 54 PD stock,1.0,1393 - SAVANNAH,Rasha + 606+Mea 9 miss access,Allocated to 1393 - SAVANNAH,master-stock-list-05-10
issue,660167,MTO for 54 PD stock,10.0,1380 - APARTMENT 606,Rasha + 606+Mea 9 miss access,Allocated to 1380 - APARTMENT 606,master-stock-list-05-10
issue,660168,MTO for 54 PD stock,16.0,1348 - RASHA,Rasha + 606+Mea 9 miss access,Allocated to 1348 - RASHA,master-stock-list-05-10
issue,660168,MTO for 54 PD stock,28.0,1350 - MEADOWS-09,Rasha + 606+Mea 9 miss access,Allocated to 1350 - MEADOWS-09,master-stock-list-05-10
issue,660168,MTO for 54 PD stock,4.0,1393 - SAVANNAH,Rasha + 606+Mea 9 miss access,Allocated to 1393 - SAVANNAH,master-stock-list-05-10
issue,184040,AWS65,2.0,1361 - C35 (CURVE),SHORTAGE (C35) - SIDE HUNG WINDOWS,Allocated to 1361 - C35 (CURVE),master-stock-list-05-10
issue,184060,AWS65,3.0,1361 - C35 (CURVE),SHORTAGE (C35) - SIDE HUNG WINDOWS,Allocated to 1361 - C35 (CURVE),master-stock-list-05-10
issue,203109,AWS65,20.0,1361 - C35 (CURVE),SHORTAGE (C35) - SIDE HUNG WINDOWS,Allocated to 1361 - C35 (CURVE),master-stock-list-05-10
issue,224079,AWS65,3.0,1361 - C35 (CURVE),SHORTAGE (C35) - SIDE HUNG WINDOWS,Allocated to 1361 - C35 (CURVE),master-stock-list-05-10
issue,224085,AWS65,4.0,1361 - C35 (CURVE),SHORTAGE (C35) - SIDE HUNG WINDOWS,Allocated to 1361 - C35 (CURVE),master-stock-list-05-10
issue,224089,AWS65,6.0,1361 - C35 (CURVE),SHORTAGE (C35) - SIDE HUNG WINDOWS,Allocated to 1361 - C35 (CURVE),master-stock-list-05-10
issue,226968,AWS65,16.0,1361 - C35 (CURVE),SHORTAGE (C35) - SIDE HUNG WINDOWS,Allocated to 1361 - C35 (CURVE),master-stock-list-05-10
issue,235148,AWS65,8.0,1361 - C35 (CURVE),SHORTAGE (C35) - SIDE HUNG WINDOWS,Allocated to 1361 - C35 (CURVE),master-stock-list-05-10
issue,236199,AWS65,8.0,1361 - C35 (CURVE),SHORTAGE (C35) - SIDE HUNG WINDOWS,Allocated to 1361 - C35 (CURVE),master-stock-list-05-10
issue,244379,AWS65,3.0,1361 - C35 (CURVE),SHORTAGE (C35) - SIDE HUNG WINDOWS,Allocated to 1361 - C35 (CURVE),master-stock-list-05-10
issue,246052,AWS65,20.0,1361 - C35 (CURVE),SHORTAGE (C35) - SIDE HUNG WINDOWS,Allocated to 1361 - C35 (CURVE),master-stock-list-05-10
issue,247004,AWS65,4.0,1361 - C35 (CURVE),SHORTAGE (C35) - SIDE HUNG WINDOWS,Allocated to 1361 - C35 (CURVE),master-stock-list-05-10
issue,247083,AWS65,4.0,1361 - C35 (CURVE),SHORTAGE (C35) - SIDE HUNG WINDOWS,Allocated to 1361 - C35 (CURVE),master-stock-list-05-10
issue,277071,AWS65,4.0,1361 - C35 (CURVE),SHORTAGE (C35) - SIDE HUNG WINDOWS,Allocated to 1361 - C35 (CURVE),master-stock-list-05-10
issue,277081,AWS65,4.0,1361 - C35 (CURVE),SHORTAGE (C35) - SIDE HUNG WINDOWS,Allocated to 1361 - C35 (CURVE),master-stock-list-05-10
issue,277180,AWS65,4.0,1361 - C35 (CURVE),SHORTAGE (C35) - SIDE HUNG WINDOWS,Allocated to 1361 - C35 (CURVE),master-stock-list-05-10
issue,277538,AWS65,4.0,1361 - C35 (CURVE),SHORTAGE (C35) - SIDE HUNG WINDOWS,Allocated to 1361 - C35 (CURVE),master-stock-list-05-10
issue,277562,AWS65,8.0,1361 - C35 (CURVE),SHORTAGE (C35) - SIDE HUNG WINDOWS,Allocated to 1361 - C35 (CURVE),master-stock-list-05-10
issue,345110,AWS65,1.0,1361 - C35 (CURVE),SHORTAGE (C35) - SIDE HUNG WINDOWS,Allocated to 1361 - C35 (CURVE),master-stock-list-05-10
issue,345120,AWS65,4.0,1361 - C35 (CURVE),SHORTAGE (C35) - SIDE HUNG WINDOWS,Allocated to 1361 - C35 (CURVE),master-stock-list-05-10
issue,345220,AWS65,1.0,1361 - C35 (CURVE),SHORTAGE (C35) - SIDE HUNG WINDOWS,Allocated to 1361 - C35 (CURVE),master-stock-list-05-10
issue,345330,AWS65,3.0,1361 - C35 (CURVE),SHORTAGE (C35) - SIDE HUNG WINDOWS,Allocated to 1361 - C35 (CURVE),master-stock-list-05-10
issue,347280,AWS65,4.0,1361 - C35 (CURVE),SHORTAGE (C35) - SIDE HUNG WINDOWS,Allocated to 1361 - C35 (CURVE),master-stock-list-05-10
issue,347290,AWS65,3.0,1361 - C35 (CURVE),SHORTAGE (C35) - SIDE HUNG WINDOWS,Allocated to 1361 - C35 (CURVE),master-stock-list-05-10
issue,106116,ADS / AWS 65,1.0,1348 - RASHA,Stock,Allocated to 1348 - RASHA,master-stock-list-05-10
issue,106116,ADS / AWS 65,1.0,1350 - MEADOWS-09,Stock,Allocated to 1350 - MEADOWS-09,master-stock-list-05-10
issue,106116,ADS / AWS 65,1.0,1380 - APARTMENT 606,Stock,Allocated to 1380 - APARTMENT 606,master-stock-list-05-10
issue,106116,ADS / AWS 65,1.0,1393 - SAVANNAH,Stock,Allocated to 1393 - SAVANNAH,master-stock-list-05-10
issue,106116,ADS / AWS 65,1.0,1397 - FLAMETREE,Stock,Allocated to 1397 - FLAMETREE,master-stock-list-05-10
issue,183070,ADS / AWS 65,2.0,1350 - MEADOWS-09,Stock,Allocated to 1350 - MEADOWS-09,master-stock-list-05-10
issue,183070,ADS / AWS 65,1.0,1372 - WILDFLOWER K80,Stock,Allocated to 1372 - WILDFLOWER K80,master-stock-list-05-10
issue,183070,ADS / AWS 65,1.0,1393 - SAVANNAH,Stock,Allocated to 1393 - SAVANNAH,master-stock-list-05-10
issue,183090,ADS / AWS 65,1.0,1350 - MEADOWS-09,Stock,Allocated to 1350 - MEADOWS-09,master-stock-list-05-10
issue,183090,ADS / AWS 65,2.0,1380 - APARTMENT 606,Stock,Allocated to 1380 - APARTMENT 606,master-stock-list-05-10
issue,183090,ADS / AWS 65,8.0,1393 - SAVANNAH,Stock,Allocated to 1393 - SAVANNAH,master-stock-list-05-10
issue,183090,ADS / AWS 65,4.0,1397 - FLAMETREE,Stock,Allocated to 1397 - FLAMETREE,master-stock-list-05-10
issue,184040,ADS / AWS 65,4.0,1348 - RASHA,Stock,Allocated to 1348 - RASHA,master-stock-list-05-10
issue,184040,ADS / AWS 65,9.0,1350 - MEADOWS-09,Stock,Allocated to 1350 - MEADOWS-09,master-stock-list-05-10
issue,184040,ADS / AWS 65,1.0,1372 - WILDFLOWER K80,Stock,Allocated to 1372 - WILDFLOWER K80,master-stock-list-05-10
issue,184040,ADS / AWS 65,4.0,1380 - APARTMENT 606,Stock,Allocated to 1380 - APARTMENT 606,master-stock-list-05-10
issue,184040,ADS / AWS 65,30.0,1393 - SAVANNAH,Stock,Allocated to 1393 - SAVANNAH,master-stock-list-05-10
issue,184040,ADS / AWS 65,27.0,1397 - FLAMETREE,Stock,Allocated to 1397 - FLAMETREE,master-stock-list-05-10
issue,184060,ADS / AWS 65,1.0,1348 - RASHA,Stock,Allocated to 1348 - RASHA,master-stock-list-05-10
issue,184080,ADS / AWS 65,1.0,1348 - RASHA,Stock,Allocated to 1348 - RASHA,master-stock-list-05-10
issue,201316,ASE 36,9.0,1349 - MEADOWS 01,Stock,Allocated to 1349 - MEADOWS 01,master-stock-list-05-10
issue,201316,ASE 36,9.0,1369-Esmeralda,Stock,Allocated to 1369-Esmeralda,master-stock-list-05-10
issue,202790,ASE 54 PD,2.0,1348 - RASHA,Stock,Allocated to 1348 - RASHA,master-stock-list-05-10
issue,202790,ASE 54 PD,2.0,1350 - MEADOWS-09,Stock,Allocated to 1350 - MEADOWS-09,master-stock-list-05-10
issue,202790,ASE 54 PD,3.0,1361 - C35,Stock,Allocated to 1361 - C35,master-stock-list-05-10
issue,202790,ASE 54 PD,1.0,1380 - APARTMENT 606,Stock,Allocated to 1380 - APARTMENT 606,master-stock-list-05-10
issue,202790,ASE 54 PD,1.0,1393 - SAVANNAH,Stock,Allocated to 1393 - SAVANNAH,master-stock-list-05-10
issue,203102,ADS / AWS 65,162.0,1348 - RASHA,Stock,Allocated to 1348 - RASHA,master-stock-list-05-10
issue,203102,ADS / AWS 65,242.0,1350 - MEADOWS-09,Stock,Allocated to 1350 - MEADOWS-09,master-stock-list-05-10
issue,203102,ADS / AWS 65,80.0,1361 - C35 (CURVE),Stock,Allocated to 1361 - C35 (CURVE),master-stock-list-05-10
issue,203102,ADS / AWS 65,26.0,1372 - WILDFLOWER K80,Stock,Allocated to 1372 - WILDFLOWER K80,master-stock-list-05-10
issue,203102,ADS / AWS 65,118.0,1380 - APARTMENT 606,Stock,Allocated to 1380 - APARTMENT 606,master-stock-list-05-10
issue,203102,ADS / AWS 65,800.0,1393 - SAVANNAH,Stock,Allocated to 1393 - SAVANNAH,master-stock-list-05-10
issue,203102,ADS / AWS 65,700.0,1397 - FLAMETREE,Stock,Allocated to 1397 - FLAMETREE,master-stock-list-05-10
issue,205080,ADS / AWS 65,51.0,1350 - MEADOWS-09,Stock,Allocated to 1350 - MEADOWS-09,master-stock-list-05-10
issue,205080,ADS / AWS 65,18.0,1372 - WILDFLOWER K80,Stock,Allocated to 1372 - WILDFLOWER K80,master-stock-list-05-10
issue,205080,ADS / AWS 65,18.0,1380 - APARTMENT 606,Stock,Allocated to 1380 - APARTMENT 606,master-stock-list-05-10
issue,205080,ADS / AWS 65,110.0,1393 - SAVANNAH,Stock,Allocated to 1393 - SAVANNAH,master-stock-list-05-10
issue,205080,ASE 36,153.0,1349 - MEADOWS 01,Stock,Allocated to 1349 - MEADOWS 01,master-stock-list-05-10
issue,205080,ASE 36,81.0,1369-Esmeralda,Stock,Allocated to 1369-Esmeralda,master-stock-list-05-10
issue,205080,ASE 36,64.0,1369-Esmeralda (balance doors),Stock,Allocated to 1369-Esmeralda (balance doors),master-stock-list-05-10
issue,205081,ADS / AWS 65,11.0,1350 - MEADOWS-09,Stock,Allocated to 1350 - MEADOWS-09,master-stock-list-05-10
issue,205081,ADS / AWS 65,4.0,1372 - WILDFLOWER K80,Stock,Allocated to 1372 - WILDFLOWER K80,master-stock-list-05-10
issue,205081,ADS / AWS 65,4.0,1380 - APARTMENT 606,Stock,Allocated to 1380 - APARTMENT 606,master-stock-list-05-10
issue,205082,ASE 54 PD,32.0,1348 - RASHA,Stock,Allocated to 1348 - RASHA,master-stock-list-05-10
issue,205082,ASE 54 PD,56.0,1350 - MEADOWS-09,Stock,Allocated to 1350 - MEADOWS-09,master-stock-list-05-10
issue,205082,ASE 54 PD,100.0,1361 - C35,Stock,Allocated to 1361 - C35,master-stock-list-05-10
issue,205082,ASE 54 PD,8.0,1380 - APARTMENT 606,Stock,Allocated to 1380 - APARTMENT 606,master-stock-list-05-10
issue,205082,ASE 54 PD,8.0,1393 - SAVANNAH,Stock,Allocated to 1393 - SAVANNAH,master-stock-list-05-10
issue,205083,ADS / AWS 65,44.0,1393 - SAVANNAH,Stock,Allocated to 1393 - SAVANNAH,master-stock-list-05-10
issue,205083,ASE 36,104.0,1349 - MEADOWS 01,Stock,Allocated to 1349 - MEADOWS 01,master-stock-list-05-10
issue,205083,ASE 36,72.0,1369-Esmeralda,Stock,Allocated to 1369-Esmeralda,master-stock-list-05-10
issue,205083,ASE 36,56.0,1369-Esmeralda (balance doors),Stock,Allocated to 1369-Esmeralda (balance doors),master-stock-list-05-10
issue,205174,ASE 54 PD,32.0,1348 - RASHA,Stock,Allocated to 1348 - RASHA,master-stock-list-05-10
issue,205174,ASE 54 PD,56.0,1350 - MEADOWS-09,Stock,Allocated to 1350 - MEADOWS-09,master-stock-list-05-10
issue,205174,ASE 54 PD,100.0,1361 - C35,Stock,Allocated to 1361 - C35,master-stock-list-05-10
issue,205174,ASE 54 PD,8.0,1380 - APARTMENT 606,Stock,Allocated to 1380 - APARTMENT 606,master-stock-list-05-10
issue,205174,ASE 54 PD,8.0,1393 - SAVANNAH,Stock,Allocated to 1393 - SAVANNAH,master-stock-list-05-10
issue,205430,ASE 36,57.0,1349 - MEADOWS 01,Stock,Allocated to 1349 - MEADOWS 01,master-stock-list-05-10
issue,205430,ASE 36,38.0,1369-Esmeralda,Stock,Allocated to 1369-Esmeralda,master-stock-list-05-10
issue,205430,ASE 36,24.0,1369-Esmeralda (balance doors),Stock,Allocated to 1369-Esmeralda (balance doors),master-stock-list-05-10
issue,205430,ASE 36,4.0,1380 - APARTMENT 606,Stock,Allocated to 1380 - APARTMENT 606,master-stock-list-05-10
issue,205431,ADS / AWS 65,24.0,1348 - RASHA,Stock,Allocated to 1348 - RASHA,master-stock-list-05-10
issue,205431,ASE 36,96.0,1349 - MEADOWS 01,Stock,Allocated to 1349 - MEADOWS 01,master-stock-list-05-10
issue,205431,ASE 36,72.0,1369-Esmeralda,Stock,Allocated to 1369-Esmeralda,master-stock-list-05-10
issue,205431,ASE 36,46.0,1369-Esmeralda (balance doors),Stock,Allocated to 1369-Esmeralda (balance doors),master-stock-list-05-10
issue,205431,ASE 54 PD,76.0,1348 - RASHA,Stock,Allocated to 1348 - RASHA,master-stock-list-05-10
issue,205431,ASE 54 PD,28.0,1350 - MEADOWS-09,Stock,Allocated to 1350 - MEADOWS-09,master-stock-list-05-10
issue,205431,ASE 54 PD,100.0,1361 - C35,Stock,Allocated to 1361 - C35,master-stock-list-05-10
issue,205431,ASE 54 PD,4.0,1380 - APARTMENT 606,Stock,Allocated to 1380 - APARTMENT 606,master-stock-list-05-10
issue,205431,ASE 54 PD,4.0,1393 - SAVANNAH,Stock,Allocated to 1393 - SAVANNAH,master-stock-list-05-10
issue,205433,ADS / AWS 65,20.0,1380 - APARTMENT 606,Stock,Allocated to 1380 - APARTMENT 606,master-stock-list-05-10
issue,205437,ADS / AWS 65,11.0,1350 - MEADOWS-09,Stock,Allocated to 1350 - MEADOWS-09,master-stock-list-05-10
issue,205437,ADS / AWS 65,4.0,1372 - WILDFLOWER K80,Stock,Allocated to 1372 - WILDFLOWER K80,master-stock-list-05-10
issue,205437,ADS / AWS 65,4.0,1380 - APARTMENT 606,Stock,Allocated to 1380 - APARTMENT 606,master-stock-list-05-10
issue,205437,ADS / AWS 65,27.0,1393 - SAVANNAH,Stock,Allocated to 1393 - SAVANNAH,master-stock-list-05-10
issue,205437,ADS / AWS 65,12.0,1397 - FLAMETREE,Stock,Allocated to 1397 - FLAMETREE,master-stock-list-05-10
issue,205440,ASE 54 PD,100.0,1361 - C35,Stock,Allocated to 1361 - C35,master-stock-list-05-10
issue,205469,ASE 36,44.0,1349 - MEADOWS 01,Stock,Allocated to 1349 - MEADOWS 01,master-stock-list-05-10
issue,205469,ASE 36,40.0,1369-Esmeralda,Stock,Allocated to 1369-Esmeralda,master-stock-list-05-10
issue,205469,ASE 36,20.0,1369-Esmeralda (balance doors),Stock,Allocated to 1369-Esmeralda (balance doors),master-stock-list-05-10
issue,205478,ASE 54 PD,16.0,1348 - RASHA,Stock,Allocated to 1348 - RASHA,master-stock-list-05-10
issue,205478,ASE 54 PD,28.0,1350 - MEADOWS-09,Stock,Allocated to 1350 - MEADOWS-09,master-stock-list-05-10
issue,205478,ASE 54 PD,100.0,1361 - C35,Stock,Allocated to 1361 - C35,master-stock-list-05-10
issue,205478,ASE 54 PD,4.0,1380 - APARTMENT 606,Stock,Allocated to 1380 - APARTMENT 606,master-stock-list-05-10
issue,205478,ASE 54 PD,4.0,1393 - SAVANNAH,Stock,Allocated to 1393 - SAVANNAH,master-stock-list-05-10
issue,205492,ASE 54 PD,76.0,1348 - RASHA,Stock,Allocated to 1348 - RASHA,master-stock-list-05-10
issue,205492,ASE 54 PD,98.0,1350 - MEADOWS-09,Stock,Allocated to 1350 - MEADOWS-09,master-stock-list-05-10
issue,205492,ASE 54 PD,100.0,1361 - C35,Stock,Allocated to 1361 - C35,master-stock-list-05-10
issue,205492,ASE 54 PD,14.0,1380 - APARTMENT 606,Stock,Allocated to 1380 - APARTMENT 606,master-stock-list-05-10
issue,205492,ASE 54 PD,14.0,1393 - SAVANNAH,Stock,Allocated to 1393 - SAVANNAH,master-stock-list-05-10
issue,205512,ASE 54 PD,100.0,1361 - C35,Stock,Allocated to 1361 - C35,master-stock-list-05-10
issue,216294,ADS / AWS 65,12.0,1348 - RASHA,Stock,Allocated to 1348 - RASHA,master-stock-list-05-10
issue,216294,ADS / AWS 65,16.0,1361 - C35 (CURVE),Stock,Allocated to 1361 - C35 (CURVE),master-stock-list-05-10
issue,216415,ADS / AWS 65,8.0,1350 - MEADOWS-09,Stock,Allocated to 1350 - MEADOWS-09,master-stock-list-05-10
issue,216415,ADS / AWS 65,4.0,1372 - WILDFLOWER K80,Stock,Allocated to 1372 - WILDFLOWER K80,master-stock-list-05-10
issue,216418,ADS / AWS 65,4.0,1350 - MEADOWS-09,Stock,Allocated to 1350 - MEADOWS-09,master-stock-list-05-10
issue,216418,ADS / AWS 65,4.0,1380 - APARTMENT 606,Stock,Allocated to 1380 - APARTMENT 606,master-stock-list-05-10
issue,216418,ADS / AWS 65,16.0,1393 - SAVANNAH,Stock,Allocated to 1393 - SAVANNAH,master-stock-list-05-10
issue,216418,ADS / AWS 65,12.0,1397 - FLAMETREE,Stock,Allocated to 1397 - FLAMETREE,master-stock-list-05-10
issue,216488,ADS / AWS 65,8.0,1393 - SAVANNAH,Stock,Allocated to 1393 - SAVANNAH,master-stock-list-05-10
issue,216489,ADS / AWS 65,8.0,1393 - SAVANNAH,Stock,Allocated to 1393 - SAVANNAH,master-stock-list-05-10
issue,218057,ADS / AWS 65,14.0,1350 - MEADOWS-09,Stock,Allocated to 1350 - MEADOWS-09,master-stock-list-05-10
issue,218057,ADS / AWS 65,4.0,1372 - WILDFLOWER K80,Stock,Allocated to 1372 - WILDFLOWER K80,master-stock-list-05-10
issue,218057,ADS / AWS 65,4.0,1380 - APARTMENT 606,Stock,Allocated to 1380 - APARTMENT 606,master-stock-list-05-10
issue,218057,ADS / AWS 65,32.0,1393 - SAVANNAH,Stock,Allocated to 1393 - SAVANNAH,master-stock-list-05-10
issue,218057,ADS / AWS 65,12.0,1397 - FLAMETREE,Stock,Allocated to 1397 - FLAMETREE,master-stock-list-05-10
issue,218156,ADS / AWS 65,24.0,1350 - MEADOWS-09,Stock,Allocated to 1350 - MEADOWS-09,master-stock-list-05-10
issue,218156,ADS / AWS 65,32.0,1361 - C35 (CURVE),Stock,Allocated to 1361 - C35 (CURVE),master-stock-list-05-10
issue,218156,ADS / AWS 65,24.0,1380 - APARTMENT 606,Stock,Allocated to 1380 - APARTMENT 606,master-stock-list-05-10
issue,218156,ADS / AWS 65,144.0,1393 - SAVANNAH,Stock,Allocated to 1393 - SAVANNAH,master-stock-list-05-10
issue,218156,ADS / AWS 65,152.0,1397 - FLAMETREE,Stock,Allocated to 1397 - FLAMETREE,master-stock-list-05-10
issue,218156,ASE 54 PD,160.0,1348 - RASHA,Stock,Allocated to 1348 - RASHA,master-stock-list-05-10
issue,218156,ASE 54 PD,280.0,1350 - MEADOWS-09,Stock,Allocated to 1350 - MEADOWS-09,master-stock-list-05-10
issue,218156,ASE 54 PD,100.0,1361 - C35,Stock,Allocated to 1361 - C35,master-stock-list-05-10
issue,218156,ASE 54 PD,40.0,1380 - APARTMENT 606,Stock,Allocated to 1380 - APARTMENT 606,master-stock-list-05-10
issue,218157,ADS / AWS 65,264.0,1348 - RASHA,Stock,Allocated to 1348 - RASHA,master-stock-list-05-10
issue,218157,ADS / AWS 65,256.0,1350 - MEADOWS-09,Stock,Allocated to 1350 - MEADOWS-09,master-stock-list-05-10
issue,218157,ADS / AWS 65,64.0,1361 - C35 (CURVE),Stock,Allocated to 1361 - C35 (CURVE),master-stock-list-05-10
issue,218157,ADS / AWS 65,8.0,1372 - WILDFLOWER K80,Stock,Allocated to 1372 - WILDFLOWER K80,master-stock-list-05-10
issue,218157,ADS / AWS 65,136.0,1380 - APARTMENT 606,Stock,Allocated to 1380 - APARTMENT 606,master-stock-list-05-10
issue,218157,ADS / AWS 65,410.0,1393 - SAVANNAH,Stock,Allocated to 1393 - SAVANNAH,master-stock-list-05-10
issue,218157,ADS / AWS 65,400.0,1397 - FLAMETREE,Stock,Allocated to 1397 - FLAMETREE,master-stock-list-05-10
issue,218158,ADS / AWS 65,16.0,1350 - MEADOWS-09,Stock,Allocated to 1350 - MEADOWS-09,master-stock-list-05-10
issue,218158,ADS / AWS 65,8.0,1372 - WILDFLOWER K80,Stock,Allocated to 1372 - WILDFLOWER K80,master-stock-list-05-10
issue,218158,ADS / AWS 65,16.0,1393 - SAVANNAH,Stock,Allocated to 1393 - SAVANNAH,master-stock-list-05-10
issue,218158,ASE 54 PD,64.0,1348 - RASHA,Stock,Allocated to 1348 - RASHA,master-stock-list-05-10
issue,218158,ASE 54 PD,112.0,1350 - MEADOWS-09,Stock,Allocated to 1350 - MEADOWS-09,master-stock-list-05-10
issue,218158,ASE 54 PD,100.0,1361 - C35,Stock,Allocated to 1361 - C35,master-stock-list-05-10
issue,218158,ASE 54 PD,16.0,1380 - APARTMENT 606,Stock,Allocated to 1380 - APARTMENT 606,master-stock-list-05-10
issue,218168,ASE 54 PD,24.0,1348 - RASHA,Stock,Allocated to 1348 - RASHA,master-stock-list-05-10
issue,218168,ASE 54 PD,28.0,1350 - MEADOWS-09,Stock,Allocated to 1350 - MEADOWS-09,master-stock-list-05-10
issue,218168,ASE 54 PD,100.0,1361 - C35,Stock,Allocated to 1361 - C35,master-stock-list-05-10
issue,218168,ASE 54 PD,2.0,1380 - APARTMENT 606,Stock,Allocated to 1380 - APARTMENT 606,master-stock-list-05-10
issue,218168,ASE 54 PD,4.0,1393 - SAVANNAH,Stock,Allocated to 1393 - SAVANNAH,master-stock-list-05-10
issue,218170,ADS / AWS 65,8.0,1380 - APARTMENT 606,Stock,Allocated to 1380 - APARTMENT 606,master-stock-list-05-10
issue,218171,ADS / AWS 65,24.0,1348 - RASHA,Stock,Allocated to 1348 - RASHA,master-stock-list-05-10
issue,218171,ADS / AWS 65,24.0,1350 - MEADOWS-09,Stock,Allocated to 1350 - MEADOWS-09,master-stock-list-05-10
issue,218171,ADS / AWS 65,32.0,1361 - C35 (CURVE),Stock,Allocated to 1361 - C35 (CURVE),master-stock-list-05-10
issue,218171,ADS / AWS 65,8.0,1372 - WILDFLOWER K80,Stock,Allocated to 1372 - WILDFLOWER K80,master-stock-list-05-10
issue,218171,ADS / AWS 65,8.0,1380 - APARTMENT 606,Stock,Allocated to 1380 - APARTMENT 606,master-stock-list-05-10
issue,218171,ADS / AWS 65,64.0,1393 - SAVANNAH,Stock,Allocated to 1393 - SAVANNAH,master-stock-list-05-10
issue,218171,ADS / AWS 65,24.0,1397 - FLAMETREE,Stock,Allocated to 1397 - FLAMETREE,master-stock-list-05-10
issue,218805,ADS / AWS 65,1.0,1372 - WILDFLOWER K80,Stock,Allocated to 1372 - WILDFLOWER K80,master-stock-list-05-10
issue,218805,ADS / AWS 65,1.0,1380 - APARTMENT 606,Stock,Allocated to 1380 - APARTMENT 606,master-stock-list-05-10
issue,218805,ADS / AWS 65,6.0,1393 - SAVANNAH,Stock,Allocated to 1393 - SAVANNAH,master-stock-list-05-10
issue,218805,ADS / AWS 65,3.0,1397 - FLAMETREE,Stock,Allocated to 1397 - FLAMETREE,master-stock-list-05-10
issue,218897,ADS / AWS 65,6.0,1350 - MEADOWS-09,Stock,Allocated to 1350 - MEADOWS-09,master-stock-list-05-10
issue,218897,ADS / AWS 65,2.0,1380 - APARTMENT 606,Stock,Allocated to 1380 - APARTMENT 606,master-stock-list-05-10
issue,220614,ASE 54 PD,8.0,1348 - RASHA,Stock,Allocated to 1348 - RASHA,master-stock-list-05-10
issue,220614,ASE 54 PD,14.0,1350 - MEADOWS-09,Stock,Allocated to 1350 - MEADOWS-09,master-stock-list-05-10
issue,220614,ASE 54 PD,8.0,1361 - C35,Stock,Allocated to 1361 - C35,master-stock-list-05-10
issue,220614,ASE 54 PD,4.0,1380 - APARTMENT 606,Stock,Allocated to 1380 - APARTMENT 606,master-stock-list-05-10
issue,220614,ASE 54 PD,2.0,1393 - SAVANNAH,Stock,Allocated to 1393 - SAVANNAH,master-stock-list-05-10
issue,224073,ADS / AWS 65,6.0,1350 - MEADOWS-09,Stock,Allocated to 1350 - MEADOWS-09,master-stock-list-05-10
issue,224073,ADS / AWS 65,2.0,1380 - APARTMENT 606,Stock,Allocated to 1380 - APARTMENT 606,master-stock-list-05-10
issue,224073,ASE 36,28.0,1349 - MEADOWS 01,Stock,Allocated to 1349 - MEADOWS 01,master-stock-list-05-10
issue,224073,ASE 36,22.0,1369-Esmeralda,Stock,Allocated to 1369-Esmeralda,master-stock-list-05-10
issue,224073,ASE 36,16.0,1369-Esmeralda (balance doors),Stock,Allocated to 1369-Esmeralda (balance doors),master-stock-list-05-10
issue,224073,ASE 54 PD,28.0,1348 - RASHA,Stock,Allocated to 1348 - RASHA,master-stock-list-05-10
issue,224073,ASE 54 PD,32.0,1350 - MEADOWS-09,Stock,Allocated to 1350 - MEADOWS-09,master-stock-list-05-10
issue,224073,ASE 54 PD,32.0,1361 - C35,Stock,Allocated to 1361 - C35,master-stock-list-05-10
issue,224073,ASE 54 PD,8.0,1380 - APARTMENT 606,Stock,Allocated to 1380 - APARTMENT 606,master-stock-list-05-10
issue,224073,ASE 54 PD,8.0,1393 - SAVANNAH,Stock,Allocated to 1393 - SAVANNAH,master-stock-list-05-10
issue,224079,ADS / AWS 65,6.0,1348 - RASHA,Stock,Allocated to 1348 - RASHA,master-stock-list-05-10
issue,224079,ADS / AWS 65,3.0,1350 - MEADOWS-09,Stock,Allocated to 1350 - MEADOWS-09,master-stock-list-05-10
issue,224079,ADS / AWS 65,2.0,1380 - APARTMENT 606,Stock,Allocated to 1380 - APARTMENT 606,master-stock-list-05-10
issue,224079,ADS / AWS 65,5.0,1393 - SAVANNAH,Stock,Allocated to 1393 - SAVANNAH,master-stock-list-05-10
issue,224079,ADS / AWS 65,5.0,1397 - FLAMETREE,Stock,Allocated to 1397 - FLAMETREE,master-stock-list-05-10
issue,224083,ADS / AWS 65,4.0,1348 - RASHA,Stock,Allocated to 1348 - RASHA,master-stock-list-05-10
issue,224083,ADS / AWS 65,3.0,1350 - MEADOWS-09,Stock,Allocated to 1350 - MEADOWS-09,master-stock-list-05-10
issue,224083,ADS / AWS 65,2.0,1380 - APARTMENT 606,Stock,Allocated to 1380 - APARTMENT 606,master-stock-list-05-10
issue,224083,ADS / AWS 65,5.0,1393 - SAVANNAH,Stock,Allocated to 1393 - SAVANNAH,master-stock-list-05-10
issue,224083,ADS / AWS 65,5.0,1397 - FLAMETREE,Stock,Allocated to 1397 - FLAMETREE,master-stock-list-05-10
issue,224085,ADS / AWS 65,7.0,1348 - RASHA,Stock,Allocated to 1348 - RASHA,master-stock-list-05-10
issue,224085,ADS / AWS 65,12.0,1350 - MEADOWS-09,Stock,Allocated to 1350 - MEADOWS-09,master-stock-list-05-10
issue,224085,ADS / AWS 65,7.0,1380 - APARTMENT 606,Stock,Allocated to 1380 - APARTMENT 606,master-stock-list-05-10
issue,224085,ADS / AWS 65,25.0,1393 - SAVANNAH,Stock,Allocated to 1393 - SAVANNAH,master-stock-list-05-10
issue,224085,ADS / AWS 65,47.0,1397 - FLAMETREE,Stock,Allocated to 1397 - FLAMETREE,master-stock-list-05-10
issue,224087,ADS / AWS 65,5.0,1348 - RASHA,Stock,Allocated to 1348 - RASHA,master-stock-list-05-10
issue,224087,ADS / AWS 65,4.0,1350 - MEADOWS-09,Stock,Allocated to 1350 - MEADOWS-09,master-stock-list-05-10
issue,224087,ADS / AWS 65,4.0,1380 - APARTMENT 606,Stock,Allocated to 1380 - APARTMENT 606,master-stock-list-05-10
issue,224087,ADS / AWS 65,5.0,1393 - SAVANNAH,Stock,Allocated to 1393 - SAVANNAH,master-stock-list-05-10
issue,224087,ADS / AWS 65,5.0,1397 - FLAMETREE,Stock,Allocated to 1397 - FLAMETREE,master-stock-list-05-10
issue,224089,ADS / AWS 65,4.0,1348 - RASHA,Stock,Allocated to 1348 - RASHA,master-stock-list-05-10
issue,224089,ADS / AWS 65,8.0,1350 - MEADOWS-09,Stock,Allocated to 1350 - MEADOWS-09,master-stock-list-05-10
issue,224089,ADS / AWS 65,4.0,1380 - APARTMENT 606,Stock,Allocated to 1380 - APARTMENT 606,master-stock-list-05-10
issue,224089,ADS / AWS 65,24.0,1393 - SAVANNAH,Stock,Allocated to 1393 - SAVANNAH,master-stock-list-05-10
issue,224089,ADS / AWS 65,42.0,1397 - FLAMETREE,Stock,Allocated to 1397 - FLAMETREE,master-stock-list-05-10
issue,224135,ADS / AWS 65,3.0,1350 - MEADOWS-09,Stock,Allocated to 1350 - MEADOWS-09,master-stock-list-05-10
issue,224135,ADS / AWS 65,1.0,1372 - WILDFLOWER K80,Stock,Allocated to 1372 - WILDFLOWER K80,master-stock-list-05-10
issue,224135,ADS / AWS 65,1.0,1380 - APARTMENT 606,Stock,Allocated to 1380 - APARTMENT 606,master-stock-list-05-10
issue,224135,ADS / AWS 65,10.0,1393 - SAVANNAH,Stock,Allocated to 1393 - SAVANNAH,master-stock-list-05-10
issue,224135,ADS / AWS 65,4.0,1397 - FLAMETREE,Stock,Allocated to 1397 - FLAMETREE,master-stock-list-05-10
issue,224197,ADS / AWS 65,5.0,1380 - APARTMENT 606,Stock,Allocated to 1380 - APARTMENT 606,master-stock-list-05-10
issue,224310,ADS / AWS 65,55.0,1348 - RASHA,Stock,Allocated to 1348 - RASHA,master-stock-list-05-10
issue,224310,ADS / AWS 65,35.0,1350 - MEADOWS-09,Stock,Allocated to 1350 - MEADOWS-09,master-stock-list-05-10
issue,224310,ADS / AWS 65,20.0,1361 - C35 (CURVE),Stock,Allocated to 1361 - C35 (CURVE),master-stock-list-05-10
issue,224310,ADS / AWS 65,35.0,1380 - APARTMENT 606,Stock,Allocated to 1380 - APARTMENT 606,master-stock-list-05-10
issue,224310,ADS / AWS 65,50.0,1393 - SAVANNAH,Stock,Allocated to 1393 - SAVANNAH,master-stock-list-05-10
issue,224310,ADS / AWS 65,60.0,1397 - FLAMETREE,Stock,Allocated to 1397 - FLAMETREE,master-stock-list-05-10
issue,224378,ASE 55 Lift & Slide,25.0,1348 - RASHA,Stock,Allocated to 1348 - RASHA,master-stock-list-05-10
issue,224378,ASE 55 Lift & Slide,30.0,1350 - MEADOWS-09,Stock,Allocated to 1350 - MEADOWS-09,master-stock-list-05-10
issue,224378,ASE 55 Lift & Slide,10.0,1380 - APARTMENT 606,Stock,Allocated to 1380 - APARTMENT 606,master-stock-list-05-10
issue,224499,ASE 54 PD,10.0,1348 - RASHA,Stock,Allocated to 1348 - RASHA,master-stock-list-05-10
issue,224499,ASE 54 PD,10.0,1350 - MEADOWS-09,Stock,Allocated to 1350 - MEADOWS-09,master-stock-list-05-10
issue,224499,ASE 54 PD,100.0,1361 - C35,Stock,Allocated to 1361 - C35,master-stock-list-05-10
issue,224499,ASE 54 PD,5.0,1380 - APARTMENT 606,Stock,Allocated to 1380 - APARTMENT 606,master-stock-list-05-10
issue,224499,ASE 55 Lift & Slide,5.0,1393 - SAVANNAH,Stock,Allocated to 1393 - SAVANNAH,master-stock-list-05-10
issue,224541,ASE 54 PD,2.0,1372 - WILDFLOWER K80,Stock,Allocated to 1372 - WILDFLOWER K80,master-stock-list-05-10
issue,224683,ASE 36,45.0,1349 - MEADOWS 01,Stock,Allocated to 1349 - MEADOWS 01,master-stock-list-05-10
issue,224683,ASE 36,35.0,1350 - MEADOWS-09,Stock,Allocated to 1350 - MEADOWS-09,master-stock-list-05-10
issue,224683,ASE 36,30.0,1369-Esmeralda,Stock,Allocated to 1369-Esmeralda,master-stock-list-05-10
issue,224683,ASE 36,15.0,1372 - WILDFLOWER K80,Stock,Allocated to 1372 - WILDFLOWER K80,master-stock-list-05-10
issue,224683,ASE 36,15.0,1380 - APARTMENT 606,Stock,Allocated to 1380 - APARTMENT 606,master-stock-list-05-10
issue,224683,ASE 36,45.0,1397 - FLAMETREE,Stock,Allocated to 1397 - FLAMETREE,master-stock-list-05-10
issue,224739,ADS / AWS 65,18.0,1393 - SAVANNAH,Stock,Allocated to 1393 - SAVANNAH,master-stock-list-05-10
issue,224739,ADS / AWS 65,8.0,1397 - FLAMETREE,Stock,Allocated to 1397 - FLAMETREE,master-stock-list-05-10
issue,225010,ADS / AWS 65,10.0,1350 - MEADOWS-09,Stock,Allocated to 1350 - MEADOWS-09,master-stock-list-05-10
issue,225010,ADS / AWS 65,8.0,1393 - SAVANNAH,Stock,Allocated to 1393 - SAVANNAH,master-stock-list-05-10
issue,225089,ASE 54 PD,20.0,1348 - RASHA,Stock,Allocated to 1348 - RASHA,master-stock-list-05-10
issue,225089,ASE 54 PD,49.0,1350 - MEADOWS-09,Stock,Allocated to 1350 - MEADOWS-09,master-stock-list-05-10
issue,225089,ASE 54 PD,100.0,1361 - C35,Stock,Allocated to 1361 - C35,master-stock-list-05-10
issue,225089,ASE 54 PD,6.0,1380 - APARTMENT 606,Stock,Allocated to 1380 - APARTMENT 606,master-stock-list-05-10
issue,225089,ASE 54 PD,7.0,1393 - SAVANNAH,Stock,Allocated to 1393 - SAVANNAH,master-stock-list-05-10
issue,225116,ASE 36,192.0,1349 - MEADOWS 01,Stock,Allocated to 1349 - MEADOWS 01,master-stock-list-05-10
issue,225116,ASE 36,144.0,1369-Esmeralda,Stock,Allocated to 1369-Esmeralda,master-stock-list-05-10
issue,225116,ASE 36,80.0,1369-Esmeralda (balance doors),Stock,Allocated to 1369-Esmeralda (balance doors),master-stock-list-05-10
issue,225131,ADS / AWS 65,24.0,1348 - RASHA,Stock,Allocated to 1348 - RASHA,master-stock-list-05-10
issue,225137,ASE 54 PD,56.0,1348 - RASHA,Stock,Allocated to 1348 - RASHA,master-stock-list-05-10
issue,225137,ASE 54 PD,98.0,1350 - MEADOWS-09,Stock,Allocated to 1350 - MEADOWS-09,master-stock-list-05-10
issue,225137,ASE 54 PD,100.0,1361 - C35,Stock,Allocated to 1361 - C35,master-stock-list-05-10
issue,225137,ASE 54 PD,14.0,1380 - APARTMENT 606,Stock,Allocated to 1380 - APARTMENT 606,master-stock-list-05-10
issue,225137,ASE 54 PD,14.0,1393 - SAVANNAH,Stock,Allocated to 1393 - SAVANNAH,master-stock-list-05-10
issue,225198,ASE 36,176.0,1349 - MEADOWS 01,Stock,Allocated to 1349 - MEADOWS 01,master-stock-list-05-10
issue,225198,ASE 36,144.0,1369-Esmeralda,Stock,Allocated to 1369-Esmeralda,master-stock-list-05-10
issue,225198,ASE 36,80.0,1369-Esmeralda (balance doors),Stock,Allocated to 1369-Esmeralda (balance doors),master-stock-list-05-10
issue,225270,ASE 54 PD,8.0,1348 - RASHA,Stock,Allocated to 1348 - RASHA,master-stock-list-05-10
issue,225270,ASE 54 PD,14.0,1350 - MEADOWS-09,Stock,Allocated to 1350 - MEADOWS-09,master-stock-list-05-10
issue,225270,ASE 54 PD,100.0,1361 - C35,Stock,Allocated to 1361 - C35,master-stock-list-05-10
issue,225270,ASE 54 PD,2.0,1380 - APARTMENT 606,Stock,Allocated to 1380 - APARTMENT 606,master-stock-list-05-10
issue,225270,ASE 54 PD,2.0,1393 - SAVANNAH,Stock,Allocated to 1393 - SAVANNAH,master-stock-list-05-10
issue,226942,ADS / AWS 65,36.0,1348 - RASHA,Stock,Allocated to 1348 - RASHA,master-stock-list-05-10
issue,226942,ADS / AWS 65,24.0,1350 - MEADOWS-09,Stock,Allocated to 1350 - MEADOWS-09,master-stock-list-05-10
issue,226942,ADS / AWS 65,16.0,1361 - C35 (CURVE),Stock,Allocated to 1361 - C35 (CURVE),master-stock-list-05-10
issue,226942,ADS / AWS 65,12.0,1380 - APARTMENT 606,Stock,Allocated to 1380 - APARTMENT 606,master-stock-list-05-10
issue,226942,ADS / AWS 65,24.0,1393 - SAVANNAH,Stock,Allocated to 1393 - SAVANNAH,master-stock-list-05-10
issue,226942,ADS / AWS 65,28.0,1397 - FLAMETREE,Stock,Allocated to 1397 - FLAMETREE,master-stock-list-05-10
issue,226943,ADS / AWS 65,12.0,1348 - RASHA,Stock,Allocated to 1348 - RASHA,master-stock-list-05-10
issue,226943,ADS / AWS 65,12.0,1350 - MEADOWS-09,Stock,Allocated to 1350 - MEADOWS-09,master-stock-list-05-10
issue,226943,ADS / AWS 65,8.0,1361 - C35 (CURVE),Stock,Allocated to 1361 - C35 (CURVE),master-stock-list-05-10
issue,226943,ADS / AWS 65,4.0,1380 - APARTMENT 606,Stock,Allocated to 1380 - APARTMENT 606,master-stock-list-05-10
issue,226943,ADS / AWS 65,58.0,1393 - SAVANNAH,Stock,Allocated to 1393 - SAVANNAH,master-stock-list-05-10
issue,226943,ADS / AWS 65,76.0,1397 - FLAMETREE,Stock,Allocated to 1397 - FLAMETREE,master-stock-list-05-10
issue,226945,ADS / AWS 65,12.0,1348 - RASHA,Stock,Allocated to 1348 - RASHA,master-stock-list-05-10
issue,226945,ADS / AWS 65,4.0,1380 - APARTMENT 606,Stock,Allocated to 1380 - APARTMENT 606,master-stock-list-05-10
issue,226945,ADS / AWS 65,6.0,1393 - SAVANNAH,Stock,Allocated to 1393 - SAVANNAH,master-stock-list-05-10
issue,227652,ADS / AWS 65,2.0,1372 - WILDFLOWER K80,Stock,Allocated to 1372 - WILDFLOWER K80,master-stock-list-05-10
issue,227652,ADS / AWS 65,4.0,1393 - SAVANNAH,Stock,Allocated to 1393 - SAVANNAH,master-stock-list-05-10
issue,227652,ADS / AWS 65,6.0,1397 - FLAMETREE,Stock,Allocated to 1397 - FLAMETREE,master-stock-list-05-10
issue,227812,ADS / AWS 65,2.0,1393 - SAVANNAH,Stock,Allocated to 1393 - SAVANNAH,master-stock-list-05-10
issue,235070,ADS / AWS 65,4.0,1393 - SAVANNAH,Stock,Allocated to 1393 - SAVANNAH,master-stock-list-05-10
issue,236189,ADS / AWS 65,6.0,1350 - MEADOWS-09,Stock,Allocated to 1350 - MEADOWS-09,master-stock-list-05-10
issue,236189,ADS / AWS 65,2.0,1372 - WILDFLOWER K80,Stock,Allocated to 1372 - WILDFLOWER K80,master-stock-list-05-10
issue,236189,ADS / AWS 65,2.0,1380 - APARTMENT 606,Stock,Allocated to 1380 - APARTMENT 606,master-stock-list-05-10
issue,236189,ADS / AWS 65,8.0,1393 - SAVANNAH,Stock,Allocated to 1393 - SAVANNAH,master-stock-list-05-10
issue,236189,ADS / AWS 65,6.0,1397 - FLAMETREE,Stock,Allocated to 1397 - FLAMETREE,master-stock-list-05-10
issue,236199,ADS / AWS 65,6.0,1393 - SAVANNAH,Stock,Allocated to 1393 - SAVANNAH,master-stock-list-05-10
issue,236217,ADS / AWS 65,12.0,1350 - MEADOWS-09,Stock,Allocated to 1350 - MEADOWS-09,master-stock-list-05-10
issue,236217,ADS / AWS 65,4.0,1380 - APARTMENT 606,Stock,Allocated to 1380 - APARTMENT 606,master-stock-list-05-10
issue,236217,ADS / AWS 65,52.0,1393 - SAVANNAH,Stock,Allocated to 1393 - SAVANNAH,master-stock-list-05-10
issue,236217,ADS / AWS 65,76.0,1397 - FLAMETREE,Stock,Allocated to 1397 - FLAMETREE,master-stock-list-05-10
issue,236526,ADS / AWS 65,24.0,1348 - RASHA,Stock,Allocated to 1348 - RASHA,master-stock-list-05-10
issue,236526,ADS / AWS 65,24.0,1350 - MEADOWS-09,Stock,Allocated to 1350 - MEADOWS-09,master-stock-list-05-10
issue,236526,ADS / AWS 65,12.0,1380 - APARTMENT 606,Stock,Allocated to 1380 - APARTMENT 606,master-stock-list-05-10
issue,236526,ADS / AWS 65,24.0,1393 - SAVANNAH,Stock,Allocated to 1393 - SAVANNAH,master-stock-list-05-10
issue,236526,ADS / AWS 65,28.0,1397 - FLAMETREE,Stock,Allocated to 1397 - FLAMETREE,master-stock-list-05-10
issue,236528,ADS / AWS 65,4.0,1380 - APARTMENT 606,Stock,Allocated to 1380 - APARTMENT 606,master-stock-list-05-10
issue,236535,ADS / AWS 65,4.0,1380 - APARTMENT 606,Stock,Allocated to 1380 - APARTMENT 606,master-stock-list-05-10
issue,236541,ADS / AWS 65,24.0,1348 - RASHA,Stock,Allocated to 1348 - RASHA,master-stock-list-05-10
issue,236541,ADS / AWS 65,24.0,1350 - MEADOWS-09,Stock,Allocated to 1350 - MEADOWS-09,master-stock-list-05-10
issue,236541,ADS / AWS 65,12.0,1380 - APARTMENT 606,Stock,Allocated to 1380 - APARTMENT 606,master-stock-list-05-10
issue,236541,ADS / AWS 65,24.0,1393 - SAVANNAH,Stock,Allocated to 1393 - SAVANNAH,master-stock-list-05-10
issue,236541,ADS / AWS 65,28.0,1397 - FLAMETREE,Stock,Allocated to 1397 - FLAMETREE,master-stock-list-05-10
issue,236553,ADS / AWS 65,4.0,1380 - APARTMENT 606,Stock,Allocated to 1380 - APARTMENT 606,master-stock-list-05-10
issue,238144,ASE 54 PD,128.0,1348 - RASHA,Stock,Allocated to 1348 - RASHA,master-stock-list-05-10
issue,238144,ASE 54 PD,224.0,1350 - MEADOWS-09,Stock,Allocated to 1350 - MEADOWS-09,master-stock-list-05-10
issue,238144,ASE 54 PD,400.0,1361 - C35,Stock,Allocated to 1361 - C35,master-stock-list-05-10
issue,238144,ASE 54 PD,32.0,1380 - APARTMENT 606,Stock,Allocated to 1380 - APARTMENT 606,master-stock-list-05-10
issue,238144,ASE 54 PD,32.0,1393 - SAVANNAH,Stock,Allocated to 1393 - SAVANNAH,master-stock-list-05-10
issue,238440,ADS / AWS 65,3.0,1350 - MEADOWS-09,Stock,Allocated to 1350 - MEADOWS-09,master-stock-list-05-10
issue,238440,ADS / AWS 65,1.0,1372 - WILDFLOWER K80,Stock,Allocated to 1372 - WILDFLOWER K80,master-stock-list-05-10
issue,238440,ADS / AWS 65,1.0,1380 - APARTMENT 606,Stock,Allocated to 1380 - APARTMENT 606,master-stock-list-05-10
issue,238440,ADS / AWS 65,4.0,1393 - SAVANNAH,Stock,Allocated to 1393 - SAVANNAH,master-stock-list-05-10
issue,238440,ADS / AWS 65,3.0,1397 - FLAMETREE,Stock,Allocated to 1397 - FLAMETREE,master-stock-list-05-10
issue,238441,ADS / AWS 65,2.0,1393 - SAVANNAH,Stock,Allocated to 1393 - SAVANNAH,master-stock-list-05-10
issue,238489,ASE 36,4.0,1349 - MEADOWS 01,Stock,Allocated to 1349 - MEADOWS 01,master-stock-list-05-10
issue,238489,ASE 36,2.0,1369-Esmeralda (balance doors),Stock,Allocated to 1369-Esmeralda (balance doors),master-stock-list-05-10
issue,239298,ADS / AWS 65,5.0,1380 - APARTMENT 606,Stock,Allocated to 1380 - APARTMENT 606,master-stock-list-05-10
issue,239298,ADS / AWS 65,22.0,1393 - SAVANNAH,Stock,Allocated to 1393 - SAVANNAH,master-stock-list-05-10
issue,239298,ADS / AWS 65,15.0,1397 - FLAMETREE,Stock,Allocated to 1397 - FLAMETREE,master-stock-list-05-10
issue,239422,ADS / AWS 65,2.0,1393 - SAVANNAH,Stock,Allocated to 1393 - SAVANNAH,master-stock-list-05-10
issue,239584,ADS / AWS 65,3.0,1350 - MEADOWS-09,Stock,Allocated to 1350 - MEADOWS-09,master-stock-list-05-10
issue,239585,ADS / AWS 65,3.0,1372 - WILDFLOWER K80,Stock,Allocated to 1372 - WILDFLOWER K80,master-stock-list-05-10
issue,239588,ADS / AWS 65,3.0,1350 - MEADOWS-09,Stock,Allocated to 1350 - MEADOWS-09,master-stock-list-05-10
issue,239591,ADS / AWS 65,3.0,1380 - APARTMENT 606,Stock,Allocated to 1380 - APARTMENT 606,master-stock-list-05-10
issue,239591,ADS / AWS 65,24.0,1393 - SAVANNAH,Stock,Allocated to 1393 - SAVANNAH,master-stock-list-05-10
issue,239591,ADS / AWS 65,9.0,1397 - FLAMETREE,Stock,Allocated to 1397 - FLAMETREE,master-stock-list-05-10
issue,239594,ADS / AWS 65,3.0,1350 - MEADOWS-09,Stock,Allocated to 1350 - MEADOWS-09,master-stock-list-05-10
issue,239608,ADS / AWS 65,12.0,1350 - MEADOWS-09,Stock,Allocated to 1350 - MEADOWS-09,master-stock-list-05-10
issue,239608,ADS / AWS 65,3.0,1372 - WILDFLOWER K80,Stock,Allocated to 1372 - WILDFLOWER K80,master-stock-list-05-10
issue,239612,ADS / AWS 65,12.0,1350 - MEADOWS-09,Stock,Allocated to 1350 - MEADOWS-09,master-stock-list-05-10
issue,239612,ADS / AWS 65,3.0,1380 - APARTMENT 606,Stock,Allocated to 1380 - APARTMENT 606,master-stock-list-05-10
issue,239612,ADS / AWS 65,24.0,1393 - SAVANNAH,Stock,Allocated to 1393 - SAVANNAH,master-stock-list-05-10
issue,239612,ADS / AWS 65,9.0,1397 - FLAMETREE,Stock,Allocated to 1397 - FLAMETREE,master-stock-list-05-10
issue,239615,ADS / AWS 65,12.0,1350 - MEADOWS-09,Stock,Allocated to 1350 - MEADOWS-09,master-stock-list-05-10
issue,239615,ADS / AWS 65,6.0,1380 - APARTMENT 606,Stock,Allocated to 1380 - APARTMENT 606,master-stock-list-05-10
issue,239615,ADS / AWS 65,42.0,1393 - SAVANNAH,Stock,Allocated to 1393 - SAVANNAH,master-stock-list-05-10
issue,239615,ADS / AWS 65,18.0,1397 - FLAMETREE,Stock,Allocated to 1397 - FLAMETREE,master-stock-list-05-10
issue,239823,ADS / AWS 65,2.0,1393 - SAVANNAH,Stock,Allocated to 1393 - SAVANNAH,master-stock-list-05-10
issue,240152,ADS / AWS 65,6.0,1350 - MEADOWS-09,Stock,Allocated to 1350 - MEADOWS-09,master-stock-list-05-10
issue,240153,ADS / AWS 65,2.0,1372 - WILDFLOWER K80,Stock,Allocated to 1372 - WILDFLOWER K80,master-stock-list-05-10
issue,240153,ADS / AWS 65,2.0,1380 - APARTMENT 606,Stock,Allocated to 1380 - APARTMENT 606,master-stock-list-05-10
issue,240153,ADS / AWS 65,12.0,1393 - SAVANNAH,Stock,Allocated to 1393 - SAVANNAH,master-stock-list-05-10
issue,240153,ADS / AWS 65,6.0,1397 - FLAMETREE,Stock,Allocated to 1397 - FLAMETREE,master-stock-list-05-10
issue,240786,ASE 54 PD,4.0,1348 - RASHA,Stock,Allocated to 1348 - RASHA,master-stock-list-05-10
issue,240786,ASE 54 PD,5.0,1350 - MEADOWS-09,Stock,Allocated to 1350 - MEADOWS-09,master-stock-list-05-10
issue,240786,ASE 54 PD,1.0,1380 - APARTMENT 606,Stock,Allocated to 1380 - APARTMENT 606,master-stock-list-05-10
issue,240787,ASE 54 PD,2.0,1350 - MEADOWS-09,Stock,Allocated to 1350 - MEADOWS-09,master-stock-list-05-10
issue,240787,ASE 54 PD,2.0,1361 - C35,Stock,Allocated to 1361 - C35,master-stock-list-05-10
issue,240787,ASE 54 PD,1.0,1380 - APARTMENT 606,Stock,Allocated to 1380 - APARTMENT 606,master-stock-list-05-10
issue,240787,ASE 54 PD,1.0,1393 - SAVANNAH,Stock,Allocated to 1393 - SAVANNAH,master-stock-list-05-10
issue,240866,ADS / AWS 65,3.0,1350 - MEADOWS-09,Stock,Allocated to 1350 - MEADOWS-09,master-stock-list-05-10
issue,240866,ADS / AWS 65,1.0,1372 - WILDFLOWER K80,Stock,Allocated to 1372 - WILDFLOWER K80,master-stock-list-05-10
issue,240866,ADS / AWS 65,1.0,1380 - APARTMENT 606,Stock,Allocated to 1380 - APARTMENT 606,master-stock-list-05-10
issue,240866,ADS / AWS 65,2.0,1393 - SAVANNAH,Stock,Allocated to 1393 - SAVANNAH,master-stock-list-05-10
issue,240866,ADS / AWS 65,3.0,1397 - FLAMETREE,Stock,Allocated to 1397 - FLAMETREE,master-stock-list-05-10
issue,241003,ADS / AWS 65,1.0,1372 - WILDFLOWER K80,Stock,Allocated to 1372 - WILDFLOWER K80,master-stock-list-05-10
issue,241003,ADS / AWS 65,1.0,1380 - APARTMENT 606,Stock,Allocated to 1380 - APARTMENT 606,master-stock-list-05-10
issue,241003,ADS / AWS 65,6.0,1393 - SAVANNAH,Stock,Allocated to 1393 - SAVANNAH,master-stock-list-05-10
issue,241003,ADS / AWS 65,3.0,1397 - FLAMETREE,Stock,Allocated to 1397 - FLAMETREE,master-stock-list-05-10
issue,242500,ADS / AWS 65,6.0,1348 - RASHA,Stock,Allocated to 1348 - RASHA,master-stock-list-05-10
issue,242500,ADS / AWS 65,2.0,1380 - APARTMENT 606,Stock,Allocated to 1380 - APARTMENT 606,master-stock-list-05-10
issue,242502,ADS / AWS 65,2.0,1350 - MEADOWS-09,Stock,Allocated to 1350 - MEADOWS-09,master-stock-list-05-10
issue,242502,ADS / AWS 65,8.0,1393 - SAVANNAH,Stock,Allocated to 1393 - SAVANNAH,master-stock-list-05-10
issue,242662,ADS / AWS 65,2.0,1393 - SAVANNAH,Stock,Allocated to 1393 - SAVANNAH,master-stock-list-05-10
issue,242693,ADS / AWS 65,2.0,1393 - SAVANNAH,Stock,Allocated to 1393 - SAVANNAH,master-stock-list-05-10
issue,242885,ADS / AWS 65,2.0,1393 - SAVANNAH,Stock,Allocated to 1393 - SAVANNAH,master-stock-list-05-10
issue,244058,ASE 36,75.0,1349 - MEADOWS 01,Stock,Allocated to 1349 - MEADOWS 01,master-stock-list-05-10
issue,244058,ASE 36,45.0,1369-Esmeralda,Stock,Allocated to 1369-Esmeralda,master-stock-list-05-10
issue,244058,ASE 36,40.0,1369-Esmeralda (balance doors),Stock,Allocated to 1369-Esmeralda (balance doors),master-stock-list-05-10
issue,244058,ASE 54 PD,50.0,1348 - RASHA,Stock,Allocated to 1348 - RASHA,master-stock-list-05-10
issue,244058,ASE 54 PD,50.0,1350 - MEADOWS-09,Stock,Allocated to 1350 - MEADOWS-09,master-stock-list-05-10
issue,244058,ASE 54 PD,100.0,1361 - C35,Stock,Allocated to 1361 - C35,master-stock-list-05-10
issue,244058,ASE 54 PD,12.0,1380 - APARTMENT 606,Stock,Allocated to 1380 - APARTMENT 606,master-stock-list-05-10
issue,244058,ASE 54 PD,20.0,1393 - SAVANNAH,Stock,Allocated to 1393 - SAVANNAH,master-stock-list-05-10
issue,244182,ADS / AWS 65,32.0,1348 - RASHA,Stock,Allocated to 1348 - RASHA,master-stock-list-05-10
issue,244182,ADS / AWS 65,52.0,1350 - MEADOWS-09,Stock,Allocated to 1350 - MEADOWS-09,master-stock-list-05-10
issue,244182,ADS / AWS 65,25.0,1361 - C35 (CURVE),Stock,Allocated to 1361 - C35 (CURVE),master-stock-list-05-10
issue,244182,ADS / AWS 65,7.0,1372 - WILDFLOWER K80,Stock,Allocated to 1372 - WILDFLOWER K80,master-stock-list-05-10
issue,244182,ADS / AWS 65,25.0,1380 - APARTMENT 606,Stock,Allocated to 1380 - APARTMENT 606,master-stock-list-05-10
issue,244182,ADS / AWS 65,200.0,1393 - SAVANNAH,Stock,Allocated to 1393 - SAVANNAH,master-stock-list-05-10
issue,244202,ASE 54 PD,100.0,1361 - C35,Stock,Allocated to 1361 - C35,master-stock-list-05-10
issue,244210,ADS / AWS 65,13.0,1372 - WILDFLOWER K80,Stock,Allocated to 1372 - WILDFLOWER K80,master-stock-list-05-10
issue,244210,ADS / AWS 65,15.0,1380 - APARTMENT 606,Stock,Allocated to 1380 - APARTMENT 606,master-stock-list-05-10
issue,244210,ADS / AWS 65,100.0,1393 - SAVANNAH,Stock,Allocated to 1393 - SAVANNAH,master-stock-list-05-10
issue,244379,ADS / AWS 65,2.0,1348 - RASHA,Stock,Allocated to 1348 - RASHA,master-stock-list-05-10
issue,244654,ADS / AWS 65,1.0,1350 - MEADOWS-09,Stock,Allocated to 1350 - MEADOWS-09,master-stock-list-05-10
issue,244654,ADS / AWS 65,1.0,1372 - WILDFLOWER K80,Stock,Allocated to 1372 - WILDFLOWER K80,master-stock-list-05-10
issue,244654,ADS / AWS 65,1.0,1380 - APARTMENT 606,Stock,Allocated to 1380 - APARTMENT 606,master-stock-list-05-10
issue,244654,ADS / AWS 65,3.0,1393 - SAVANNAH,Stock,Allocated to 1393 - SAVANNAH,master-stock-list-05-10
issue,244654,ADS / AWS 65,2.0,1397 - FLAMETREE,Stock,Allocated to 1397 - FLAMETREE,master-stock-list-05-10
issue,244775,ASE 36,70.0,1349 - MEADOWS 01,Stock,Allocated to 1349 - MEADOWS 01,master-stock-list-05-10
issue,244775,ASE 36,20.0,1369-Esmeralda,Stock,Allocated to 1369-Esmeralda,master-stock-list-05-10
issue,244775,ASE 36,15.0,1369-Esmeralda (balance doors),Stock,Allocated to 1369-Esmeralda (balance doors),master-stock-list-05-10
issue,246052,ADS / AWS 65,25.0,1348 - RASHA,Stock,Allocated to 1348 - RASHA,master-stock-list-05-10
issue,246474,ADS / AWS 65,25.0,1348 - RASHA,Stock,Allocated to 1348 - RASHA,master-stock-list-05-10
issue,246474,ADS / AWS 65,18.0,1350 - MEADOWS-09,Stock,Allocated to 1350 - MEADOWS-09,master-stock-list-05-10
issue,246474,ADS / AWS 65,17.0,1380 - APARTMENT 606,Stock,Allocated to 1380 - APARTMENT 606,master-stock-list-05-10
issue,246474,ADS / AWS 65,30.0,1393 - SAVANNAH,Stock,Allocated to 1393 - SAVANNAH,master-stock-list-05-10
issue,246474,ADS / AWS 65,30.0,1397 - FLAMETREE,Stock,Allocated to 1397 - FLAMETREE,master-stock-list-05-10
issue,247001,ADS / AWS 65,3.0,1348 - RASHA,Stock,Allocated to 1348 - RASHA,master-stock-list-05-10
issue,247083,ADS / AWS 65,3.0,1348 - RASHA,Stock,Allocated to 1348 - RASHA,master-stock-list-05-10
issue,248808,ADS / AWS 65,12.0,1348 - RASHA,Stock,Allocated to 1348 - RASHA,master-stock-list-05-10
issue,248858,ADS / AWS 65,24.0,1350 - MEADOWS-09,Stock,Allocated to 1350 - MEADOWS-09,master-stock-list-05-10
issue,248858,ADS / AWS 65,16.0,1380 - APARTMENT 606,Stock,Allocated to 1380 - APARTMENT 606,master-stock-list-05-10
issue,248858,ADS / AWS 65,24.0,1393 - SAVANNAH,Stock,Allocated to 1393 - SAVANNAH,master-stock-list-05-10
issue,248858,ADS / AWS 65,28.0,1397 - FLAMETREE,Stock,Allocated to 1397 - FLAMETREE,master-stock-list-05-10
issue,248890,ADS / AWS 65,12.0,1348 - RASHA,Stock,Allocated to 1348 - RASHA,master-stock-list-05-10
issue,248890,ADS / AWS 65,12.0,1350 - MEADOWS-09,Stock,Allocated to 1350 - MEADOWS-09,master-stock-list-05-10
issue,248890,ADS / AWS 65,8.0,1380 - APARTMENT 606,Stock,Allocated to 1380 - APARTMENT 606,master-stock-list-05-10
issue,248890,ADS / AWS 65,20.0,1393 - SAVANNAH,Stock,Allocated to 1393 - SAVANNAH,master-stock-list-05-10
issue,248890,ADS / AWS 65,18.0,1397 - FLAMETREE,Stock,Allocated to 1397 - FLAMETREE,master-stock-list-05-10
issue,248890,ASE 36,22.0,1349 - MEADOWS 01,Stock,Allocated to 1349 - MEADOWS 01,master-stock-list-05-10
issue,248890,ASE 36,20.0,1369-Esmeralda,Stock,Allocated to 1369-Esmeralda,master-stock-list-05-10
issue,248890,ASE 36,10.0,1369-Esmeralda (balance doors),Stock,Allocated to 1369-Esmeralda (balance doors),master-stock-list-05-10
issue,248891,ADS / AWS 65,12.0,1348 - RASHA,Stock,Allocated to 1348 - RASHA,master-stock-list-05-10
issue,248891,ADS / AWS 65,12.0,1350 - MEADOWS-09,Stock,Allocated to 1350 - MEADOWS-09,master-stock-list-05-10
issue,248891,ADS / AWS 65,8.0,1380 - APARTMENT 606,Stock,Allocated to 1380 - APARTMENT 606,master-stock-list-05-10
issue,248891,ADS / AWS 65,20.0,1393 - SAVANNAH,Stock,Allocated to 1393 - SAVANNAH,master-stock-list-05-10
issue,248891,ADS / AWS 65,18.0,1397 - FLAMETREE,Stock,Allocated to 1397 - FLAMETREE,master-stock-list-05-10
issue,248979,ADS / AWS 65,12.0,1350 - MEADOWS-09,Stock,Allocated to 1350 - MEADOWS-09,master-stock-list-05-10
issue,248979,ADS / AWS 65,6.0,1393 - SAVANNAH,Stock,Allocated to 1393 - SAVANNAH,master-stock-list-05-10
issue,248979,ADS / AWS 65,12.0,1397 - FLAMETREE,Stock,Allocated to 1397 - FLAMETREE,master-stock-list-05-10
issue,254519,ASE 36,9.0,1349 - MEADOWS 01,Stock,Allocated to 1349 - MEADOWS 01,master-stock-list-05-10
issue,254519,ASE 36,10.0,1369-Esmeralda,Stock,Allocated to 1369-Esmeralda,master-stock-list-05-10
issue,254519,ASE 36,4.0,1369-Esmeralda (balance doors),Stock,Allocated to 1369-Esmeralda (balance doors),master-stock-list-05-10
issue,258355,ASE 54 PD,4.0,1348 - RASHA,Stock,Allocated to 1348 - RASHA,master-stock-list-05-10
issue,258355,ASE 54 PD,7.0,1350 - MEADOWS-09,Stock,Allocated to 1350 - MEADOWS-09,master-stock-list-05-10
issue,258355,ASE 54 PD,2.0,1361 - C35,Stock,Allocated to 1361 - C35,master-stock-list-05-10
issue,258355,ASE 54 PD,1.0,1380 - APARTMENT 606,Stock,Allocated to 1380 - APARTMENT 606,master-stock-list-05-10
issue,267990,ASE 36,6.0,1349 - MEADOWS 01,Stock,Allocated to 1349 - MEADOWS 01,master-stock-list-05-10
issue,267990,ASE 36,5.0,1369-Esmeralda,Stock,Allocated to 1369-Esmeralda,master-stock-list-05-10
issue,267990,ASE 36,5.0,1369-Esmeralda (balance doors),Stock,Allocated to 1369-Esmeralda (balance doors),master-stock-list-05-10
issue,268221,ASE 54 PD,128.0,1348 - RASHA,Stock,Allocated to 1348 - RASHA,master-stock-list-05-10
issue,268221,ASE 54 PD,224.0,1350 - MEADOWS-09,Stock,Allocated to 1350 - MEADOWS-09,master-stock-list-05-10
issue,268221,ASE 54 PD,200.0,1361 - C35,Stock,Allocated to 1361 - C35,master-stock-list-05-10
issue,268221,ASE 54 PD,32.0,1380 - APARTMENT 606,Stock,Allocated to 1380 - APARTMENT 606,master-stock-list-05-10
issue,268221,ASE 54 PD,8.0,1393 - SAVANNAH,Stock,Allocated to 1393 - SAVANNAH,master-stock-list-05-10
issue,269040,ADS / AWS 65,6.0,1350 - MEADOWS-09,Stock,Allocated to 1350 - MEADOWS-09,master-stock-list-05-10
issue,269042,ADS / AWS 65,6.0,1348 - RASHA,Stock,Allocated to 1348 - RASHA,master-stock-list-05-10
issue,269042,ADS / AWS 65,6.0,1393 - SAVANNAH,Stock,Allocated to 1393 - SAVANNAH,master-stock-list-05-10
issue,269042,ADS / AWS 65,7.0,1397 - FLAMETREE,Stock,Allocated to 1397 - FLAMETREE,master-stock-list-05-10
issue,269049,ADS / AWS 65,4.0,1380 - APARTMENT 606,Stock,Allocated to 1380 - APARTMENT 606,master-stock-list-05-10
issue,269790,ASE 54 PD,100.0,1361 - C35,Stock,Allocated to 1361 - C35,master-stock-list-05-10
issue,269939,ASE 54 PD,25.0,1348 - RASHA,Stock,Allocated to 1348 - RASHA,master-stock-list-05-10
issue,269939,ASE 54 PD,30.0,1350 - MEADOWS-09,Stock,Allocated to 1350 - MEADOWS-09,master-stock-list-05-10
issue,269939,ASE 54 PD,100.0,1361 - C35,Stock,Allocated to 1361 - C35,master-stock-list-05-10
issue,269939,ASE 54 PD,20.0,1380 - APARTMENT 606,Stock,Allocated to 1380 - APARTMENT 606,master-stock-list-05-10
issue,269939,ASE 54 PD,10.0,1393 - SAVANNAH,Stock,Allocated to 1393 - SAVANNAH,master-stock-list-05-10
issue,269941,ASE 54 PD,4.0,1348 - RASHA,Stock,Allocated to 1348 - RASHA,master-stock-list-05-10
issue,269941,ASE 54 PD,7.0,1350 - MEADOWS-09,Stock,Allocated to 1350 - MEADOWS-09,master-stock-list-05-10
issue,269941,ASE 54 PD,1.0,1393 - SAVANNAH,Stock,Allocated to 1393 - SAVANNAH,master-stock-list-05-10
issue,269946,ASE 54 PD,8.0,1348 - RASHA,Stock,Allocated to 1348 - RASHA,master-stock-list-05-10
issue,269946,ASE 54 PD,14.0,1350 - MEADOWS-09,Stock,Allocated to 1350 - MEADOWS-09,master-stock-list-05-10
issue,269946,ASE 54 PD,2.0,1361 - C35,Stock,Allocated to 1361 - C35,master-stock-list-05-10
issue,269946,ASE 54 PD,2.0,1380 - APARTMENT 606,Stock,Allocated to 1380 - APARTMENT 606,master-stock-list-05-10
issue,269946,ASE 54 PD,2.0,1393 - SAVANNAH,Stock,Allocated to 1393 - SAVANNAH,master-stock-list-05-10
issue,269947,ASE 54 PD,2.0,1380 - APARTMENT 606,Stock,Allocated to 1380 - APARTMENT 606,master-stock-list-05-10
issue,269948,ASE 54 PD,20.0,1348 - RASHA,Stock,Allocated to 1348 - RASHA,master-stock-list-05-10
issue,269948,ASE 54 PD,20.0,1350 - MEADOWS-09,Stock,Allocated to 1350 - MEADOWS-09,master-stock-list-05-10
issue,269948,ASE 54 PD,100.0,1361 - C35,Stock,Allocated to 1361 - C35,master-stock-list-05-10
issue,269948,ASE 54 PD,8.0,1380 - APARTMENT 606,Stock,Allocated to 1380 - APARTMENT 606,master-stock-list-05-10
issue,269948,ASE 54 PD,5.0,1393 - SAVANNAH,Stock,Allocated to 1393 - SAVANNAH,master-stock-list-05-10
issue,275062,ADS / AWS 65,4.0,1350 - MEADOWS-09,Stock,Allocated to 1350 - MEADOWS-09,master-stock-list-05-10
issue,275062,ADS / AWS 65,12.0,1393 - SAVANNAH,Stock,Allocated to 1393 - SAVANNAH,master-stock-list-05-10
issue,275062,ADS / AWS 65,14.0,1397 - FLAMETREE,Stock,Allocated to 1397 - FLAMETREE,master-stock-list-05-10
issue,275068,ADS / AWS 65,6.0,1348 - RASHA,Stock,Allocated to 1348 - RASHA,master-stock-list-05-10
issue,275068,ADS / AWS 65,6.0,1350 - MEADOWS-09,Stock,Allocated to 1350 - MEADOWS-09,master-stock-list-05-10
issue,275068,ADS / AWS 65,4.0,1380 - APARTMENT 606,Stock,Allocated to 1380 - APARTMENT 606,master-stock-list-05-10
issue,275068,ADS / AWS 65,6.0,1393 - SAVANNAH,Stock,Allocated to 1393 - SAVANNAH,master-stock-list-05-10
issue,275068,ADS / AWS 65,7.0,1397 - FLAMETREE,Stock,Allocated to 1397 - FLAMETREE,master-stock-list-05-10
issue,275068,ASE 36,11.0,1349 - MEADOWS 01,Stock,Allocated to 1349 - MEADOWS 01,master-stock-list-05-10
issue,275068,ASE 36,10.0,1369-Esmeralda,Stock,Allocated to 1369-Esmeralda,master-stock-list-05-10
issue,275068,ASE 36,5.0,1369-Esmeralda (balance doors),Stock,Allocated to 1369-Esmeralda (balance doors),master-stock-list-05-10
issue,275110,ADS / AWS 65,6.0,1348 - RASHA,Stock,Allocated to 1348 - RASHA,master-stock-list-05-10
issue,275111,ADS / AWS 65,6.0,1348 - RASHA,Stock,Allocated to 1348 - RASHA,master-stock-list-05-10
issue,275116,ADS / AWS 65,6.0,1348 - RASHA,Stock,Allocated to 1348 - RASHA,master-stock-list-05-10
issue,275116,ADS / AWS 65,6.0,1350 - MEADOWS-09,Stock,Allocated to 1350 - MEADOWS-09,master-stock-list-05-10
issue,275116,ADS / AWS 65,4.0,1380 - APARTMENT 606,Stock,Allocated to 1380 - APARTMENT 606,master-stock-list-05-10
issue,275116,ADS / AWS 65,6.0,1393 - SAVANNAH,Stock,Allocated to 1393 - SAVANNAH,master-stock-list-05-10
issue,275116,ADS / AWS 65,7.0,1397 - FLAMETREE,Stock,Allocated to 1397 - FLAMETREE,master-stock-list-05-10
issue,276201,ADS / AWS 65,4.0,1350 - MEADOWS-09,Stock,Allocated to 1350 - MEADOWS-09,master-stock-list-05-10
issue,276201,ADS / AWS 65,8.0,1380 - APARTMENT 606,Stock,Allocated to 1380 - APARTMENT 606,master-stock-list-05-10
issue,276201,ADS / AWS 65,12.0,1393 - SAVANNAH,Stock,Allocated to 1393 - SAVANNAH,master-stock-list-05-10
issue,276201,ADS / AWS 65,14.0,1397 - FLAMETREE,Stock,Allocated to 1397 - FLAMETREE,master-stock-list-05-10
issue,276205,ADS / AWS 65,6.0,1350 - MEADOWS-09,Stock,Allocated to 1350 - MEADOWS-09,master-stock-list-05-10
issue,276205,ADS / AWS 65,4.0,1380 - APARTMENT 606,Stock,Allocated to 1380 - APARTMENT 606,master-stock-list-05-10
issue,276205,ADS / AWS 65,6.0,1393 - SAVANNAH,Stock,Allocated to 1393 - SAVANNAH,master-stock-list-05-10
issue,276205,ADS / AWS 65,7.0,1397 - FLAMETREE,Stock,Allocated to 1397 - FLAMETREE,master-stock-list-05-10
issue,276692,ADS / AWS 65,6.0,1348 - RASHA,Stock,Allocated to 1348 - RASHA,master-stock-list-05-10
issue,276719,ADS / AWS 65,12.0,1350 - MEADOWS-09,Stock,Allocated to 1350 - MEADOWS-09,master-stock-list-05-10
issue,276719,ADS / AWS 65,8.0,1380 - APARTMENT 606,Stock,Allocated to 1380 - APARTMENT 606,master-stock-list-05-10
issue,276719,ADS / AWS 65,12.0,1393 - SAVANNAH,Stock,Allocated to 1393 - SAVANNAH,master-stock-list-05-10
issue,276719,ADS / AWS 65,14.0,1397 - FLAMETREE,Stock,Allocated to 1397 - FLAMETREE,master-stock-list-05-10
issue,276735,ASE 36,26.0,1349 - MEADOWS 01,Stock,Allocated to 1349 - MEADOWS 01,master-stock-list-05-10
issue,276735,ASE 36,10.0,1369-Esmeralda,Stock,Allocated to 1369-Esmeralda,master-stock-list-05-10
issue,276735,ASE 36,12.0,1369-Esmeralda (balance doors),Stock,Allocated to 1369-Esmeralda (balance doors),master-stock-list-05-10
issue,276797,ASE 70 PD.ME,4.0,1348 - RASHA,Stock,Allocated to 1348 - RASHA,master-stock-list-05-10
issue,276797,ASE 70 PD.ME,7.0,1350 - MEADOWS-09,Stock,Allocated to 1350 - MEADOWS-09,master-stock-list-05-10
issue,277048,ADS / AWS 65,6.0,1348 - RASHA,Stock,Allocated to 1348 - RASHA,master-stock-list-05-10
issue,277048,ADS / AWS 65,8.0,1361 - C35 (CURVE),Stock,Allocated to 1361 - C35 (CURVE),master-stock-list-05-10
issue,277180,ADS / AWS 65,3.0,1348 - RASHA,Stock,Allocated to 1348 - RASHA,master-stock-list-05-10
issue,277870,ADS / AWS 65,1.0,1348 - RASHA,Stock,Allocated to 1348 - RASHA,master-stock-list-05-10
issue,277870,ADS / AWS 65,1.0,1361 - C35 (CURVE),Stock,Allocated to 1361 - C35 (CURVE),master-stock-list-05-10
issue,278575,ADS / AWS 65,24.0,1348 - RASHA,Stock,Allocated to 1348 - RASHA,master-stock-list-05-10
issue,278575,ADS / AWS 65,24.0,1350 - MEADOWS-09,Stock,Allocated to 1350 - MEADOWS-09,master-stock-list-05-10
issue,278575,ADS / AWS 65,16.0,1380 - APARTMENT 606,Stock,Allocated to 1380 - APARTMENT 606,master-stock-list-05-10
issue,278575,ADS / AWS 65,24.0,1393 - SAVANNAH,Stock,Allocated to 1393 - SAVANNAH,master-stock-list-05-10
issue,278575,ADS / AWS 65,28.0,1397 - FLAMETREE,Stock,Allocated to 1397 - FLAMETREE,master-stock-list-05-10
issue,279290,ADS / AWS 65,3.0,1350 - MEADOWS-09,Stock,Allocated to 1350 - MEADOWS-09,master-stock-list-05-10
issue,279290,ADS / AWS 65,1.0,1372 - WILDFLOWER K80,Stock,Allocated to 1372 - WILDFLOWER K80,master-stock-list-05-10
issue,279290,ADS / AWS 65,1.0,1380 - APARTMENT 606,Stock,Allocated to 1380 - APARTMENT 606,master-stock-list-05-10
issue,279290,ADS / AWS 65,6.0,1393 - SAVANNAH,Stock,Allocated to 1393 - SAVANNAH,master-stock-list-05-10
issue,279290,ADS / AWS 65,3.0,1397 - FLAMETREE,Stock,Allocated to 1397 - FLAMETREE,master-stock-list-05-10
issue,284071,ASE 36,26.0,1349 - MEADOWS 01,Stock,Allocated to 1349 - MEADOWS 01,master-stock-list-05-10
issue,284071,ASE 36,22.0,1369-Esmeralda,Stock,Allocated to 1369-Esmeralda,master-stock-list-05-10
issue,284071,ASE 36,14.0,1369-Esmeralda (balance doors),Stock,Allocated to 1369-Esmeralda (balance doors),master-stock-list-05-10
issue,284079,ASE 54 PD,14.0,1348 - RASHA,Stock,Allocated to 1348 - RASHA,master-stock-list-05-10
issue,284079,ASE 54 PD,12.0,1361 - C35,Stock,Allocated to 1361 - C35,master-stock-list-05-10
issue,284079,ASE 54 PD,4.0,1380 - APARTMENT 606,Stock,Allocated to 1380 - APARTMENT 606,master-stock-list-05-10
issue,284079,ASE 54 PD,4.0,1393 - SAVANNAH,Stock,Allocated to 1393 - SAVANNAH,master-stock-list-05-10
issue,284129,ADS / AWS 65,6.0,1350 - MEADOWS-09,Stock,Allocated to 1350 - MEADOWS-09,master-stock-list-05-10
issue,284129,ADS / AWS 65,2.0,1372 - WILDFLOWER K80,Stock,Allocated to 1372 - WILDFLOWER K80,master-stock-list-05-10
issue,284129,ADS / AWS 65,2.0,1380 - APARTMENT 606,Stock,Allocated to 1380 - APARTMENT 606,master-stock-list-05-10
issue,284129,ADS / AWS 65,14.0,1393 - SAVANNAH,Stock,Allocated to 1393 - SAVANNAH,master-stock-list-05-10
issue,284129,ADS / AWS 65,8.0,1397 - FLAMETREE,Stock,Allocated to 1397 - FLAMETREE,master-stock-list-05-10
issue,284217,ADS / AWS 65,1.0,1380 - APARTMENT 606,Stock,Allocated to 1380 - APARTMENT 606,master-stock-list-05-10
issue,284819,ASE 36,44.0,1349 - MEADOWS 01,Stock,Allocated to 1349 - MEADOWS 01,master-stock-list-05-10
issue,284819,ASE 36,40.0,1369-Esmeralda,Stock,Allocated to 1369-Esmeralda,master-stock-list-05-10
issue,284819,ASE 36,16.0,1369-Esmeralda (balance doors),Stock,Allocated to 1369-Esmeralda (balance doors),master-stock-list-05-10
issue,284826,ADS / AWS 65,23.0,1348 - RASHA,Stock,Allocated to 1348 - RASHA,master-stock-list-05-10
issue,284826,ADS / AWS 65,53.0,1350 - MEADOWS-09,Stock,Allocated to 1350 - MEADOWS-09,master-stock-list-05-10
issue,284826,ADS / AWS 65,25.0,1361 - C35 (CURVE),Stock,Allocated to 1361 - C35 (CURVE),master-stock-list-05-10
issue,284826,ADS / AWS 65,6.0,1372 - WILDFLOWER K80,Stock,Allocated to 1372 - WILDFLOWER K80,master-stock-list-05-10
issue,284826,ADS / AWS 65,25.0,1380 - APARTMENT 606,Stock,Allocated to 1380 - APARTMENT 606,master-stock-list-05-10
issue,284826,ADS / AWS 65,200.0,1393 - SAVANNAH,Stock,Allocated to 1393 - SAVANNAH,master-stock-list-05-10
issue,284826,ADS / AWS 65,160.0,1397 - FLAMETREE,Stock,Allocated to 1397 - FLAMETREE,master-stock-list-05-10
issue,288166,ADS / AWS 65,18.0,1348 - RASHA,Stock,Allocated to 1348 - RASHA,master-stock-list-05-10
issue,288166,ADS / AWS 65,16.0,1361 - C35 (CURVE),Stock,Allocated to 1361 - C35 (CURVE),master-stock-list-05-10
issue,288167,ADS / AWS 65,36.0,1348 - RASHA,Stock,Allocated to 1348 - RASHA,master-stock-list-05-10
issue,288167,ADS / AWS 65,50.0,1350 - MEADOWS-09,Stock,Allocated to 1350 - MEADOWS-09,master-stock-list-05-10
issue,288167,ADS / AWS 65,8.0,1361 - C35 (CURVE),Stock,Allocated to 1361 - C35 (CURVE),master-stock-list-05-10
issue,288167,ADS / AWS 65,28.0,1380 - APARTMENT 606,Stock,Allocated to 1380 - APARTMENT 606,master-stock-list-05-10
issue,288167,ADS / AWS 65,104.0,1393 - SAVANNAH,Stock,Allocated to 1393 - SAVANNAH,master-stock-list-05-10
issue,288167,ADS / AWS 65,118.0,1397 - FLAMETREE,Stock,Allocated to 1397 - FLAMETREE,master-stock-list-05-10
issue,288190,ASE 36,24.0,1349 - MEADOWS 01,Stock,Allocated to 1349 - MEADOWS 01,master-stock-list-05-10
issue,288190,ASE 36,18.0,1369-Esmeralda,Stock,Allocated to 1369-Esmeralda,master-stock-list-05-10
issue,288190,ASE 36,12.0,1369-Esmeralda (balance doors),Stock,Allocated to 1369-Esmeralda (balance doors),master-stock-list-05-10
issue,288190,ASE 54 PD,6.0,1361 - C35,Stock,Allocated to 1361 - C35,master-stock-list-05-10
issue,288191,ASE 36,24.0,1349 - MEADOWS 01,Stock,Allocated to 1349 - MEADOWS 01,master-stock-list-05-10
issue,288191,ASE 36,18.0,1369-Esmeralda,Stock,Allocated to 1369-Esmeralda,master-stock-list-05-10
issue,288191,ASE 54 PD,2.0,1361 - C35,Stock,Allocated to 1361 - C35,master-stock-list-05-10
issue,295194,ASE 54 PD,8.0,1348 - RASHA,Stock,Allocated to 1348 - RASHA,master-stock-list-05-10
issue,295194,ASE 54 PD,14.0,1350 - MEADOWS-09,Stock,Allocated to 1350 - MEADOWS-09,master-stock-list-05-10
issue,295194,ASE 54 PD,10.0,1361 - C35,Stock,Allocated to 1361 - C35,master-stock-list-05-10
issue,295194,ASE 54 PD,4.0,1380 - APARTMENT 606,Stock,Allocated to 1380 - APARTMENT 606,master-stock-list-05-10
issue,295194,ASE 54 PD,2.0,1393 - SAVANNAH,Stock,Allocated to 1393 - SAVANNAH,master-stock-list-05-10
issue,295195,ASE 54 PD,10.0,1361 - C35,Stock,Allocated to 1361 - C35,master-stock-list-05-10
issue,295195,ASE 54 PD,2.0,1380 - APARTMENT 606,Stock,Allocated to 1380 - APARTMENT 606,master-stock-list-05-10
issue,295854,ASE 54 PD,4.0,1348 - RASHA,Stock,Allocated to 1348 - RASHA,master-stock-list-05-10
issue,295854,ASE 54 PD,7.0,1350 - MEADOWS-09,Stock,Allocated to 1350 - MEADOWS-09,master-stock-list-05-10
issue,295854,ASE 54 PD,5.0,1361 - C35,Stock,Allocated to 1361 - C35,master-stock-list-05-10
issue,295854,ASE 54 PD,2.0,1380 - APARTMENT 606,Stock,Allocated to 1380 - APARTMENT 606,master-stock-list-05-10
issue,295854,ASE 54 PD,1.0,1393 - SAVANNAH,Stock,Allocated to 1393 - SAVANNAH,master-stock-list-05-10
issue,295855,ASE 54 PD,4.0,1348 - RASHA,Stock,Allocated to 1348 - RASHA,master-stock-list-05-10
issue,295855,ASE 54 PD,7.0,1350 - MEADOWS-09,Stock,Allocated to 1350 - MEADOWS-09,master-stock-list-05-10
issue,295855,ASE 54 PD,5.0,1361 - C35,Stock,Allocated to 1361 - C35,master-stock-list-05-10
issue,295855,ASE 54 PD,1.0,1380 - APARTMENT 606,Stock,Allocated to 1380 - APARTMENT 606,master-stock-list-05-10
issue,295855,ASE 54 PD,1.0,1393 - SAVANNAH,Stock,Allocated to 1393 - SAVANNAH,master-stock-list-05-10
issue,295856,ASE 54 PD,4.0,1348 - RASHA,Stock,Allocated to 1348 - RASHA,master-stock-list-05-10
issue,295856,ASE 54 PD,7.0,1350 - MEADOWS-09,Stock,Allocated to 1350 - MEADOWS-09,master-stock-list-05-10
issue,295856,ASE 54 PD,10.0,1361 - C35,Stock,Allocated to 1361 - C35,master-stock-list-05-10
issue,295856,ASE 54 PD,1.0,1380 - APARTMENT 606,Stock,Allocated to 1380 - APARTMENT 606,master-stock-list-05-10
issue,295856,ASE 54 PD,1.0,1393 - SAVANNAH,Stock,Allocated to 1393 - SAVANNAH,master-stock-list-05-10
issue,295869,ASE 54 PD,4.0,1348 - RASHA,Stock,Allocated to 1348 - RASHA,master-stock-list-05-10
issue,295869,ASE 54 PD,7.0,1350 - MEADOWS-09,Stock,Allocated to 1350 - MEADOWS-09,master-stock-list-05-10
issue,295869,ASE 54 PD,10.0,1361 - C35,Stock,Allocated to 1361 - C35,master-stock-list-05-10
issue,295869,ASE 54 PD,1.0,1380 - APARTMENT 606,Stock,Allocated to 1380 - APARTMENT 606,master-stock-list-05-10
issue,295869,ASE 54 PD,1.0,1393 - SAVANNAH,Stock,Allocated to 1393 - SAVANNAH,master-stock-list-05-10
issue,295873,ASE 54 PD,60.0,1393 - SAVANNAH,Stock,Allocated to 1393 - SAVANNAH,master-stock-list-05-10
issue,295901,ASE 54 PD,4.0,1348 - RASHA,Stock,Allocated to 1348 - RASHA,master-stock-list-05-10
issue,295901,ASE 54 PD,4.0,1350 - MEADOWS-09,Stock,Allocated to 1350 - MEADOWS-09,master-stock-list-05-10
issue,295901,ASE 54 PD,3.0,1361 - C35,Stock,Allocated to 1361 - C35,master-stock-list-05-10
issue,295901,ASE 54 PD,4.0,1380 - APARTMENT 606,Stock,Allocated to 1380 - APARTMENT 606,master-stock-list-05-10
issue,295901,ASE 54 PD,1.0,1393 - SAVANNAH,Stock,Allocated to 1393 - SAVANNAH,master-stock-list-05-10
issue,295902,ASE 54 PD,4.0,1348 - RASHA,Stock,Allocated to 1348 - RASHA,master-stock-list-05-10
issue,295902,ASE 54 PD,3.0,1350 - MEADOWS-09,Stock,Allocated to 1350 - MEADOWS-09,master-stock-list-05-10
issue,295902,ASE 54 PD,4.0,1361 - C35,Stock,Allocated to 1361 - C35,master-stock-list-05-10
issue,295902,ASE 54 PD,1.0,1380 - APARTMENT 606,Stock,Allocated to 1380 - APARTMENT 606,master-stock-list-05-10
issue,295902,ASE 54 PD,1.0,1393 - SAVANNAH,Stock,Allocated to 1393 - SAVANNAH,master-stock-list-05-10
issue,295903,ASE 54 PD,4.0,1348 - RASHA,Stock,Allocated to 1348 - RASHA,master-stock-list-05-10
issue,295903,ASE 54 PD,4.0,1350 - MEADOWS-09,Stock,Allocated to 1350 - MEADOWS-09,master-stock-list-05-10
issue,295903,ASE 54 PD,4.0,1361 - C35,Stock,Allocated to 1361 - C35,master-stock-list-05-10
issue,295903,ASE 54 PD,1.0,1380 - APARTMENT 606,Stock,Allocated to 1380 - APARTMENT 606,master-stock-list-05-10
issue,295903,ASE 54 PD,1.0,1393 - SAVANNAH,Stock,Allocated to 1393 - SAVANNAH,master-stock-list-05-10
issue,298354,ASE 54 PD,6.0,1361 - C35,Stock,Allocated to 1361 - C35,master-stock-list-05-10
issue,298883,ASE 54 PD,100.0,1361 - C35,Stock,Allocated to 1361 - C35,master-stock-list-05-10
issue,298892,ASE 54 PD,100.0,1361 - C35,Stock,Allocated to 1361 - C35,master-stock-list-05-10
issue,298900,ASE 54 PD,5.0,1361 - C35,Stock,Allocated to 1361 - C35,master-stock-list-05-10
issue,308380,ASE 36,0.5,1349 - MEADOWS 01,Stock,Allocated to 1349 - MEADOWS 01,master-stock-list-05-10
issue,308380,ASE 36,0.4,1369-Esmeralda,Stock,Allocated to 1369-Esmeralda,master-stock-list-05-10
issue,308380,ASE 36,0.1,1369-Esmeralda (balance doors),Stock,Allocated to 1369-Esmeralda (balance doors),master-stock-list-05-10
issue,313950,ADS / AWS 65,1.0,1350 - MEADOWS-09,Stock,Allocated to 1350 - MEADOWS-09,master-stock-list-05-10
issue,313950,ADS / AWS 65,1.0,1372 - WILDFLOWER K80,Stock,Allocated to 1372 - WILDFLOWER K80,master-stock-list-05-10
issue,313950,ADS / AWS 65,1.0,1380 - APARTMENT 606,Stock,Allocated to 1380 - APARTMENT 606,master-stock-list-05-10
issue,313950,ADS / AWS 65,1.0,1393 - SAVANNAH,Stock,Allocated to 1393 - SAVANNAH,master-stock-list-05-10
issue,313950,ADS / AWS 65,1.0,1397 - FLAMETREE,Stock,Allocated to 1397 - FLAMETREE,master-stock-list-05-10
issue,345110,ADS / AWS 65,1.0,1348 - RASHA,Stock,Allocated to 1348 - RASHA,master-stock-list-05-10
issue,345110,ADS / AWS 65,1.0,1380 - APARTMENT 606,Stock,Allocated to 1380 - APARTMENT 606,master-stock-list-05-10
issue,345120,ADS / AWS 65,2.0,1348 - RASHA,Stock,Allocated to 1348 - RASHA,master-stock-list-05-10
issue,345120,ADS / AWS 65,4.0,1393 - SAVANNAH,Stock,Allocated to 1393 - SAVANNAH,master-stock-list-05-10
issue,345130,ADS / AWS 65,1.0,1393 - SAVANNAH,Stock,Allocated to 1393 - SAVANNAH,master-stock-list-05-10
issue,345220,ADS / AWS 65,1.0,1348 - RASHA,Stock,Allocated to 1348 - RASHA,master-stock-list-05-10
issue,345220,ADS / AWS 65,1.0,1380 - APARTMENT 606,Stock,Allocated to 1380 - APARTMENT 606,master-stock-list-05-10
issue,345230,ADS / AWS 65,1.0,1393 - SAVANNAH,Stock,Allocated to 1393 - SAVANNAH,master-stock-list-05-10
issue,345280,ADS / AWS 65,4.0,1350 - MEADOWS-09,Stock,Allocated to 1350 - MEADOWS-09,master-stock-list-05-10
issue,345280,ADS / AWS 65,2.0,1380 - APARTMENT 606,Stock,Allocated to 1380 - APARTMENT 606,master-stock-list-05-10
issue,345280,ADS / AWS 65,16.0,1393 - SAVANNAH,Stock,Allocated to 1393 - SAVANNAH,master-stock-list-05-10
issue,345280,ADS / AWS 65,21.0,1397 - FLAMETREE,Stock,Allocated to 1397 - FLAMETREE,master-stock-list-05-10
issue,346330,ADS / AWS 65,1.0,1393 - SAVANNAH,Stock,Allocated to 1393 - SAVANNAH,master-stock-list-05-10
issue,347120,ADS / AWS 65,4.0,1350 - MEADOWS-09,Stock,Allocated to 1350 - MEADOWS-09,master-stock-list-05-10
issue,347120,ADS / AWS 65,2.0,1380 - APARTMENT 606,Stock,Allocated to 1380 - APARTMENT 606,master-stock-list-05-10
issue,347120,ADS / AWS 65,16.0,1393 - SAVANNAH,Stock,Allocated to 1393 - SAVANNAH,master-stock-list-05-10
issue,347120,ADS / AWS 65,21.0,1397 - FLAMETREE,Stock,Allocated to 1397 - FLAMETREE,master-stock-list-05-10
issue,347280,ADS / AWS 65,2.0,1348 - RASHA,Stock,Allocated to 1348 - RASHA,master-stock-list-05-10
issue,347280,ADS / AWS 65,3.0,1393 - SAVANNAH,Stock,Allocated to 1393 - SAVANNAH,master-stock-list-05-10
issue,359690,ASE 54 PD,0.5,1348 - RASHA,Stock,Allocated to 1348 - RASHA,master-stock-list-05-10
issue,359690,ASE 54 PD,1.0,1350 - MEADOWS-09,Stock,Allocated to 1350 - MEADOWS-09,master-stock-list-05-10
issue,359690,ASE 54 PD,0.25,1380 - APARTMENT 606,Stock,Allocated to 1380 - APARTMENT 606,master-stock-list-05-10
issue,359690,ASE 54 PD,0.25,1393 - SAVANNAH,Stock,Allocated to 1393 - SAVANNAH,master-stock-list-05-10
issue,391440,ADS / AWS 65,5.0,1348 - RASHA,Stock,Allocated to 1348 - RASHA,master-stock-list-05-10
issue,391440,ADS / AWS 65,4.0,1350 - MEADOWS-09,Stock,Allocated to 1350 - MEADOWS-09,master-stock-list-05-10
issue,391440,ADS / AWS 65,3.0,1380 - APARTMENT 606,Stock,Allocated to 1380 - APARTMENT 606,master-stock-list-05-10
issue,391440,ADS / AWS 65,5.0,1393 - SAVANNAH,Stock,Allocated to 1393 - SAVANNAH,master-stock-list-05-10
issue,391440,ADS / AWS 65,5.0,1397 - FLAMETREE,Stock,Allocated to 1397 - FLAMETREE,master-stock-list-05-10
issue,391470,ADS / AWS 65,5.0,1348 - RASHA,Stock,Allocated to 1348 - RASHA,master-stock-list-05-10
issue,391470,ADS / AWS 65,4.0,1350 - MEADOWS-09,Stock,Allocated to 1350 - MEADOWS-09,master-stock-list-05-10
issue,391470,ADS / AWS 65,3.0,1380 - APARTMENT 606,Stock,Allocated to 1380 - APARTMENT 606,master-stock-list-05-10
issue,391470,ADS / AWS 65,5.0,1393 - SAVANNAH,Stock,Allocated to 1393 - SAVANNAH,master-stock-list-05-10
issue,391470,ADS / AWS 65,5.0,1397 - FLAMETREE,Stock,Allocated to 1397 - FLAMETREE,master-stock-list-05-10
issue,391490,ADS / AWS 65,4.0,1348 - RASHA,Stock,Allocated to 1348 - RASHA,master-stock-list-05-10
issue,391490,ADS / AWS 65,3.0,1350 - MEADOWS-09,Stock,Allocated to 1350 - MEADOWS-09,master-stock-list-05-10
issue,391490,ADS / AWS 65,3.0,1380 - APARTMENT 606,Stock,Allocated to 1380 - APARTMENT 606,master-stock-list-05-10
issue,391490,ADS / AWS 65,5.0,1393 - SAVANNAH,Stock,Allocated to 1393 - SAVANNAH,master-stock-list-05-10
issue,391490,ADS / AWS 65,5.0,1397 - FLAMETREE,Stock,Allocated to 1397 - FLAMETREE,master-stock-list-05-10
issue,391510,ADS / AWS 65,1.0,1380 - APARTMENT 606,Stock,Allocated to 1380 - APARTMENT 606,master-stock-list-05-10
issue,391520,ADS / AWS 65,4.0,1348 - RASHA,Stock,Allocated to 1348 - RASHA,master-stock-list-05-10
issue,391520,ADS / AWS 65,3.0,1350 - MEADOWS-09,Stock,Allocated to 1350 - MEADOWS-09,master-stock-list-05-10
issue,391520,ADS / AWS 65,2.0,1380 - APARTMENT 606,Stock,Allocated to 1380 - APARTMENT 606,master-stock-list-05-10
issue,391520,ADS / AWS 65,5.0,1393 - SAVANNAH,Stock,Allocated to 1393 - SAVANNAH,master-stock-list-05-10
issue,391520,ADS / AWS 65,5.0,1397 - FLAMETREE,Stock,Allocated to 1397 - FLAMETREE,master-stock-list-05-10
issue,391760,ADS / AWS 65,1.0,1380 - APARTMENT 606,Stock,Allocated to 1380 - APARTMENT 606,master-stock-list-05-10
issue,391770,ADS / AWS 65,1.0,1380 - APARTMENT 606,Stock,Allocated to 1380 - APARTMENT 606,master-stock-list-05-10
issue,397850,ADS / AWS 65,2.0,1350 - MEADOWS-09,Stock,Allocated to 1350 - MEADOWS-09,master-stock-list-05-10
issue,397850,ADS / AWS 65,1.0,1372 - WILDFLOWER K80,Stock,Allocated to 1372 - WILDFLOWER K80,master-stock-list-05-10
issue,397850,ADS / AWS 65,1.0,1393 - SAVANNAH,Stock,Allocated to 1393 - SAVANNAH,master-stock-list-05-10
issue,397880,ADS / AWS 65,1.0,1350 - MEADOWS-09,Stock,Allocated to 1350 - MEADOWS-09,master-stock-list-05-10
issue,397880,ADS / AWS 65,2.0,1380 - APARTMENT 606,Stock,Allocated to 1380 - APARTMENT 606,master-stock-list-05-10
issue,397880,ADS / AWS 65,8.0,1393 - SAVANNAH,Stock,Allocated to 1393 - SAVANNAH,master-stock-list-05-10
issue,397880,ADS / AWS 65,4.0,1397 - FLAMETREE,Stock,Allocated to 1397 - FLAMETREE,master-stock-list-05-10
issue,398010,ADS / AWS 65,2.0,1350 - MEADOWS-09,Stock,Allocated to 1350 - MEADOWS-09,master-stock-list-05-10
issue,398010,ADS / AWS 65,1.0,1372 - WILDFLOWER K80,Stock,Allocated to 1372 - WILDFLOWER K80,master-stock-list-05-10
issue,398020,ADS / AWS 65,2.0,1350 - MEADOWS-09,Stock,Allocated to 1350 - MEADOWS-09,master-stock-list-05-10
issue,398020,ADS / AWS 65,1.0,1372 - WILDFLOWER K80,Stock,Allocated to 1372 - WILDFLOWER K80,master-stock-list-05-10
issue,398050,ADS / AWS 65,1.0,1350 - MEADOWS-09,Stock,Allocated to 1350 - MEADOWS-09,master-stock-list-05-10
issue,398050,ADS / AWS 65,1.0,1380 - APARTMENT 606,Stock,Allocated to 1380 - APARTMENT 606,master-stock-list-05-10
issue,398050,ADS / AWS 65,5.0,1393 - SAVANNAH,Stock,Allocated to 1393 - SAVANNAH,master-stock-list-05-10
issue,398050,ADS / AWS 65,4.0,1397 - FLAMETREE,Stock,Allocated to 1397 - FLAMETREE,master-stock-list-05-10
issue,398060,ADS / AWS 65,1.0,1350 - MEADOWS-09,Stock,Allocated to 1350 - MEADOWS-09,master-stock-list-05-10
issue,398060,ADS / AWS 65,1.0,1380 - APARTMENT 606,Stock,Allocated to 1380 - APARTMENT 606,master-stock-list-05-10
issue,398060,ADS / AWS 65,5.0,1393 - SAVANNAH,Stock,Allocated to 1393 - SAVANNAH,master-stock-list-05-10
issue,398060,ADS / AWS 65,4.0,1397 - FLAMETREE,Stock,Allocated to 1397 - FLAMETREE,master-stock-list-05-10
issue,398200,ADS / AWS 65,2.0,1393 - SAVANNAH,Stock,Allocated to 1393 - SAVANNAH,master-stock-list-05-10
issue,398210,ADS / AWS 65,2.0,1393 - SAVANNAH,Stock,Allocated to 1393 - SAVANNAH,master-stock-list-05-10
issue,538260,ASE 54 PD,4.0,1348 - RASHA,Stock,Allocated to 1348 - RASHA,master-stock-list-05-10
issue,538260,ASE 54 PD,4.0,1350 - MEADOWS-09,Stock,Allocated to 1350 - MEADOWS-09,master-stock-list-05-10
issue,538260,ASE 54 PD,3.0,1361 - C35,Stock,Allocated to 1361 - C35,master-stock-list-05-10
issue,538260,ASE 54 PD,1.0,1380 - APARTMENT 606,Stock,Allocated to 1380 - APARTMENT 606,master-stock-list-05-10
issue,538260,ASE 54 PD,1.0,1393 - SAVANNAH,Stock,Allocated to 1393 - SAVANNAH,master-stock-list-05-10
issue,550570,ASE 54 PD,2.0,1348 - RASHA,Stock,Allocated to 1348 - RASHA,master-stock-list-05-10
issue,550570,ASE 54 PD,2.0,1350 - MEADOWS-09,Stock,Allocated to 1350 - MEADOWS-09,master-stock-list-05-10
issue,550570,ASE 54 PD,1.0,1361 - C35,Stock,Allocated to 1361 - C35,master-stock-list-05-10
issue,550570,ASE 54 PD,1.0,1380 - APARTMENT 606,Stock,Allocated to 1380 - APARTMENT 606,master-stock-list-05-10
issue,550570,ASE 54 PD,1.0,1393 - SAVANNAH,Stock,Allocated to 1393 - SAVANNAH,master-stock-list-05-10
issue,585000,ASE 54 PD,14.0,1348 - RASHA,Stock,Allocated to 1348 - RASHA,master-stock-list-05-10
issue,585000,ASE 54 PD,15.0,1350 - MEADOWS-09,Stock,Allocated to 1350 - MEADOWS-09,master-stock-list-05-10
issue,585000,ASE 54 PD,12.0,1361 - C35,Stock,Allocated to 1361 - C35,master-stock-list-05-10
issue,585000,ASE 54 PD,4.0,1380 - APARTMENT 606,Stock,Allocated to 1380 - APARTMENT 606,master-stock-list-05-10
issue,585000,ASE 54 PD,4.0,1393 - SAVANNAH,Stock,Allocated to 1393 - SAVANNAH,master-stock-list-05-10
issue,585010,ASE 54 PD,7.0,1348 - RASHA,Stock,Allocated to 1348 - RASHA,master-stock-list-05-10
issue,585010,ASE 54 PD,8.0,1350 - MEADOWS-09,Stock,Allocated to 1350 - MEADOWS-09,master-stock-list-05-10
issue,585010,ASE 54 PD,6.0,1361 - C35,Stock,Allocated to 1361 - C35,master-stock-list-05-10
issue,585010,ASE 54 PD,2.0,1380 - APARTMENT 606,Stock,Allocated to 1380 - APARTMENT 606,master-stock-list-05-10
issue,585010,ASE 54 PD,2.0,1393 - SAVANNAH,Stock,Allocated to 1393 - SAVANNAH,master-stock-list-05-10
issue,585020,ASE 54 PD,2.0,1348 - RASHA,Stock,Allocated to 1348 - RASHA,master-stock-list-05-10
issue,585020,ASE 54 PD,3.0,1350 - MEADOWS-09,Stock,Allocated to 1350 - MEADOWS-09,master-stock-list-05-10
issue,585020,ASE 54 PD,3.0,1361 - C35,Stock,Allocated to 1361 - C35,master-stock-list-05-10
issue,585020,ASE 54 PD,1.0,1380 - APARTMENT 606,Stock,Allocated to 1380 - APARTMENT 606,master-stock-list-05-10
issue,585020,ASE 54 PD,1.0,1393 - SAVANNAH,Stock,Allocated to 1393 - SAVANNAH,master-stock-list-05-10
issue,585030,ASE 54 PD,10.0,1348 - RASHA,Stock,Allocated to 1348 - RASHA,master-stock-list-05-10
issue,585030,ASE 54 PD,12.0,1350 - MEADOWS-09,Stock,Allocated to 1350 - MEADOWS-09,master-stock-list-05-10
issue,585030,ASE 54 PD,8.0,1361 - C35,Stock,Allocated to 1361 - C35,master-stock-list-05-10
issue,585030,ASE 54 PD,2.0,1380 - APARTMENT 606,Stock,Allocated to 1380 - APARTMENT 606,master-stock-list-05-10
issue,585030,ASE 54 PD,2.0,1393 - SAVANNAH,Stock,Allocated to 1393 - SAVANNAH,master-stock-list-05-10
issue,585040,ASE 54 PD,4.0,1348 - RASHA,Stock,Allocated to 1348 - RASHA,master-stock-list-05-10
issue,585040,ASE 54 PD,4.0,1350 - MEADOWS-09,Stock,Allocated to 1350 - MEADOWS-09,master-stock-list-05-10
issue,585040,ASE 54 PD,4.0,1361 - C35,Stock,Allocated to 1361 - C35,master-stock-list-05-10
issue,585040,ASE 54 PD,2.0,1380 - APARTMENT 606,Stock,Allocated to 1380 - APARTMENT 606,master-stock-list-05-10
issue,585040,ASE 54 PD,2.0,1393 - SAVANNAH,Stock,Allocated to 1393 - SAVANNAH,master-stock-list-05-10
issue,585050,ASE 54 PD,4.0,1348 - RASHA,Stock,Allocated to 1348 - RASHA,master-stock-list-05-10
issue,585050,ASE 54 PD,4.0,1350 - MEADOWS-09,Stock,Allocated to 1350 - MEADOWS-09,master-stock-list-05-10
issue,585050,ASE 54 PD,2.0,1361 - C35,Stock,Allocated to 1361 - C35,master-stock-list-05-10
issue,585050,ASE 54 PD,1.0,1380 - APARTMENT 606,Stock,Allocated to 1380 - APARTMENT 606,master-stock-list-05-10
issue,585050,ASE 54 PD,1.0,1393 - SAVANNAH,Stock,Allocated to 1393 - SAVANNAH,master-stock-list-05-10
issue,585060,ASE 54 PD,1.0,1348 - RASHA,Stock,Allocated to 1348 - RASHA,master-stock-list-05-10
issue,585060,ASE 54 PD,1.0,1350 - MEADOWS-09,Stock,Allocated to 1350 - MEADOWS-09,master-stock-list-05-10
issue,585060,ASE 54 PD,2.0,1361 - C35,Stock,Allocated to 1361 - C35,master-stock-list-05-10
issue,585060,ASE 54 PD,1.0,1393 - SAVANNAH,Stock,Allocated to 1393 - SAVANNAH,master-stock-list-05-10
issue,585070,ASE 54 PD,4.0,1348 - RASHA,Stock,Allocated to 1348 - RASHA,master-stock-list-05-10
issue,585070,ASE 54 PD,5.0,1350 - MEADOWS-09,Stock,Allocated to 1350 - MEADOWS-09,master-stock-list-05-10
issue,585070,ASE 54 PD,4.0,1361 - C35,Stock,Allocated to 1361 - C35,master-stock-list-05-10
issue,585070,ASE 54 PD,1.0,1380 - APARTMENT 606,Stock,Allocated to 1380 - APARTMENT 606,master-stock-list-05-10
issue,585070,ASE 54 PD,1.0,1393 - SAVANNAH,Stock,Allocated to 1393 - SAVANNAH,master-stock-list-05-10
issue,585080,ASE 54 PD,4.0,1348 - RASHA,Stock,Allocated to 1348 - RASHA,master-stock-list-05-10
issue,585080,ASE 54 PD,4.0,1350 - MEADOWS-09,Stock,Allocated to 1350 - MEADOWS-09,master-stock-list-05-10
issue,585080,ASE 54 PD,3.0,1361 - C35,Stock,Allocated to 1361 - C35,master-stock-list-05-10
issue,585080,ASE 54 PD,1.0,1380 - APARTMENT 606,Stock,Allocated to 1380 - APARTMENT 606,master-stock-list-05-10
issue,585080,ASE 54 PD,1.0,1393 - SAVANNAH,Stock,Allocated to 1393 - SAVANNAH,master-stock-list-05-10
issue,585100,ASE 54 PD,1.0,1348 - RASHA,Stock,Allocated to 1348 - RASHA,master-stock-list-05-10
issue,585100,ASE 54 PD,2.0,1350 - MEADOWS-09,Stock,Allocated to 1350 - MEADOWS-09,master-stock-list-05-10
issue,585100,ASE 54 PD,2.0,1361 - C35,Stock,Allocated to 1361 - C35,master-stock-list-05-10
issue,585100,ASE 54 PD,0.25,1380 - APARTMENT 606,Stock,Allocated to 1380 - APARTMENT 606,master-stock-list-05-10
issue,585100,ASE 54 PD,1.0,1393 - SAVANNAH,Stock,Allocated to 1393 - SAVANNAH,master-stock-list-05-10
issue,585110,ASE 54 PD,1.0,1348 - RASHA,Stock,Allocated to 1348 - RASHA,master-stock-list-05-10
issue,585110,ASE 54 PD,1.0,1350 - MEADOWS-09,Stock,Allocated to 1350 - MEADOWS-09,master-stock-list-05-10
issue,585110,ASE 54 PD,1.0,1361 - C35,Stock,Allocated to 1361 - C35,master-stock-list-05-10
issue,585110,ASE 54 PD,1.0,1393 - SAVANNAH,Stock,Allocated to 1393 - SAVANNAH,master-stock-list-05-10
issue,585120,ASE 54 PD,1.0,1350 - MEADOWS-09,Stock,Allocated to 1350 - MEADOWS-09,master-stock-list-05-10
issue,585130,ASE 54 PD,1.0,1350 - MEADOWS-09,Stock,Allocated to 1350 - MEADOWS-09,master-stock-list-05-10
issue,585140,ASE 54 PD,1.0,1350 - MEADOWS-09,Stock,Allocated to 1350 - MEADOWS-09,master-stock-list-05-10
issue,585150,ASE 54 PD,1.0,1361 - C35,Stock,Allocated to 1361 - C35,master-stock-list-05-10
issue,585210,ASE 54 PD,4.0,1361 - C35,Stock,Allocated to 1361 - C35,master-stock-list-05-10
issue,585230,ASE 54 PD,1.0,1350 - MEADOWS-09,Stock,Allocated to 1350 - MEADOWS-09,master-stock-list-05-10
issue,585240,ASE 54 PD,4.0,1348 - RASHA,Stock,Allocated to 1348 - RASHA,master-stock-list-05-10
issue,585240,ASE 54 PD,4.0,1350 - MEADOWS-09,Stock,Allocated to 1350 - MEADOWS-09,master-stock-list-05-10
issue,585240,ASE 54 PD,3.0,1361 - C35,Stock,Allocated to 1361 - C35,master-stock-list-05-10
issue,585240,ASE 54 PD,1.0,1380 - APARTMENT 606,Stock,Allocated to 1380 - APARTMENT 606,master-stock-list-05-10
issue,585240,ASE 54 PD,1.0,1393 - SAVANNAH,Stock,Allocated to 1393 - SAVANNAH,master-stock-list-05-10
issue,585310,ASE 54 PD,1.0,1350 - MEADOWS-09,Stock,Allocated to 1350 - MEADOWS-09,master-stock-list-05-10
issue,585350,ASE 54 PD,0.25,1348 - RASHA,Stock,Allocated to 1348 - RASHA,master-stock-list-05-10
issue,585350,ASE 54 PD,0.25,1350 - MEADOWS-09,Stock,Allocated to 1350 - MEADOWS-09,master-stock-list-05-10
issue,585350,ASE 54 PD,0.25,1380 - APARTMENT 606,Stock,Allocated to 1380 - APARTMENT 606,master-stock-list-05-10
issue,585350,ASE 54 PD,0.25,1393 - SAVANNAH,Stock,Allocated to 1393 - SAVANNAH,master-stock-list-05-10
issue,585360,ASE 54 PD,0.25,1348 - RASHA,Stock,Allocated to 1348 - RASHA,master-stock-list-05-10
issue,585360,ASE 54 PD,0.25,1350 - MEADOWS-09,Stock,Allocated to 1350 - MEADOWS-09,master-stock-list-05-10
issue,585360,ASE 54 PD,0.25,1380 - APARTMENT 606,Stock,Allocated to 1380 - APARTMENT 606,master-stock-list-05-10
issue,585360,ASE 54 PD,0.25,1393 - SAVANNAH,Stock,Allocated to 1393 - SAVANNAH,master-stock-list-05-10
issue,9638547,ASE 36,22.0,1349 - MEADOWS 01,Stock,Allocated to 1349 - MEADOWS 01,master-stock-list-05-10
issue,9638547,ASE 36,16.0,1369-Esmeralda,Stock,Allocated to 1369-Esmeralda,master-stock-list-05-10
issue,9638547,ASE 36,10.0,1369-Esmeralda (balance doors),Stock,Allocated to 1369-Esmeralda (balance doors),master-stock-list-05-10
issue,9638549,ASE 36,8.0,1349 - MEADOWS 01,Stock,Allocated to 1349 - MEADOWS 01,master-stock-list-05-10
issue,9638549,ASE 36,6.0,1369-Esmeralda,Stock,Allocated to 1369-Esmeralda,master-stock-list-05-10
issue,9638549,ASE 36,4.0,1369-Esmeralda (balance doors),Stock,Allocated to 1369-Esmeralda (balance doors),master-stock-list-05-10
issue,9638551,ASE 36,4.0,1349 - MEADOWS 01,Stock,Allocated to 1349 - MEADOWS 01,master-stock-list-05-10
issue,9638553,ASE 36,24.0,1349 - MEADOWS 01,Stock,Allocated to 1349 - MEADOWS 01,master-stock-list-05-10
issue,9638553,ASE 36,19.0,1369-Esmeralda,Stock,Allocated to 1369-Esmeralda,master-stock-list-05-10
issue,9638553,ASE 36,14.0,1369-Esmeralda (balance doors),Stock,Allocated to 1369-Esmeralda (balance doors),master-stock-list-05-10
issue,9638555,ASE 36,4.0,1349 - MEADOWS 01,Stock,Allocated to 1349 - MEADOWS 01,master-stock-list-05-10
issue,9638555,ASE 36,3.0,1369-Esmeralda,Stock,Allocated to 1369-Esmeralda,master-stock-list-05-10
issue,9638555,ASE 36,2.0,1369-Esmeralda (balance doors),Stock,Allocated to 1369-Esmeralda (balance doors),master-stock-list-05-10
issue,9638557,ASE 36,2.0,1349 - MEADOWS 01,Stock,Allocated to 1349 - MEADOWS 01,master-stock-list-05-10
issue,9638563,ASE 36,8.0,1349 - MEADOWS 01,Stock,Allocated to 1349 - MEADOWS 01,master-stock-list-05-10
issue,9638563,ASE 36,5.0,1369-Esmeralda,Stock,Allocated to 1369-Esmeralda,master-stock-list-05-10
issue,9638563,ASE 36,5.0,1369-Esmeralda (balance doors),Stock,Allocated to 1369-Esmeralda (balance doors),master-stock-list-05-10
issue,9638565,ASE 36,6.0,1349 - MEADOWS 01,Stock,Allocated to 1349 - MEADOWS 01,master-stock-list-05-10
issue,9638565,ASE 36,1.0,1369-Esmeralda,Stock,Allocated to 1369-Esmeralda,master-stock-list-05-10
issue,9638566,ASE 36,3.0,1349 - MEADOWS 01,Stock,Allocated to 1349 - MEADOWS 01,master-stock-list-05-10
issue,9638566,ASE 36,2.0,1369-Esmeralda,Stock,Allocated to 1369-Esmeralda,master-stock-list-05-10
issue,9638566,ASE 36,1.0,1369-Esmeralda (balance doors),Stock,Allocated to 1369-Esmeralda (balance doors),master-stock-list-05-10
issue,9638567,ASE 36,3.0,1349 - MEADOWS 01,Stock,Allocated to 1349 - MEADOWS 01,master-stock-list-05-10
issue,9638567,ASE 36,3.0,1369-Esmeralda,Stock,Allocated to 1369-Esmeralda,master-stock-list-05-10
issue,9638567,ASE 36,2.0,1369-Esmeralda (balance doors),Stock,Allocated to 1369-Esmeralda (balance doors),master-stock-list-05-10
issue,9638568,ASE 36,2.0,1349 - MEADOWS 01,Stock,Allocated to 1349 - MEADOWS 01,master-stock-list-05-10
issue,9638568,ASE 36,1.0,1369-Esmeralda,Stock,Allocated to 1369-Esmeralda,master-stock-list-05-10
issue,9638568,ASE 36,1.0,1369-Esmeralda (balance doors),Stock,Allocated to 1369-Esmeralda (balance doors),master-stock-list-05-10
issue,9639350,ADS / AWS 65,1.0,1350 - MEADOWS-09,Stock,Allocated to 1350 - MEADOWS-09,master-stock-list-05-10
issue,9639350,ADS / AWS 65,1.0,1372 - WILDFLOWER K80,Stock,Allocated to 1372 - WILDFLOWER K80,master-stock-list-05-10
issue,9639350,ADS / AWS 65,1.0,1380 - APARTMENT 606,Stock,Allocated to 1380 - APARTMENT 606,master-stock-list-05-10
issue,9639350,ADS / AWS 65,1.0,1392 - MARSA AL ARAB,Stock,Allocated to 1392 - MARSA AL ARAB,master-stock-list-05-10
issue,9639350,ADS / AWS 65,1.0,1393 - SAVANNAH,Stock,Allocated to 1393 - SAVANNAH,master-stock-list-05-10
issue,9639350,ADS / AWS 65,1.0,1397 - FLAMETREE,Stock,Allocated to 1397 - FLAMETREE,master-stock-list-05-10
issue,9640297,ASE 36,52.0,1349 - MEADOWS 01,Stock,Allocated to 1349 - MEADOWS 01,master-stock-list-05-10
issue,9640297,ASE 36,36.0,1369-Esmeralda,Stock,Allocated to 1369-Esmeralda,master-stock-list-05-10
issue,9640297,ASE 36,20.0,1369-Esmeralda (balance doors),Stock,Allocated to 1369-Esmeralda (balance doors),master-stock-list-05-10
issue,9640298,ASE 36,30.0,1349 - MEADOWS 01,Stock,Allocated to 1349 - MEADOWS 01,master-stock-list-05-10
issue,9640298,ASE 36,20.0,1369-Esmeralda,Stock,Allocated to 1369-Esmeralda,master-stock-list-05-10
issue,9640298,ASE 36,12.0,1369-Esmeralda (balance doors),Stock,Allocated to 1369-Esmeralda (balance doors),master-stock-list-05-10
issue,9640307,ASE 36,22.0,1349 - MEADOWS 01,Stock,Allocated to 1349 - MEADOWS 01,master-stock-list-05-10
issue,9640307,ASE 36,20.0,1369-Esmeralda,Stock,Allocated to 1369-Esmeralda,master-stock-list-05-10
issue,9640307,ASE 36,8.0,1369-Esmeralda (balance doors),Stock,Allocated to 1369-Esmeralda (balance doors),master-stock-list-05-10
issue,9648147,ASE 36,13.0,1349 - MEADOWS 01,Stock,Allocated to 1349 - MEADOWS 01,master-stock-list-05-10
issue,9648147,ASE 36,9.0,1369-Esmeralda,Stock,Allocated to 1369-Esmeralda,master-stock-list-05-10
issue,9648147,ASE 36,5.0,1369-Esmeralda (balance doors),Stock,Allocated to 1369-Esmeralda (balance doors),master-stock-list-05-10
issue,9648161,ASE 36,330.0,1349 - MEADOWS 01,Stock,Allocated to 1349 - MEADOWS 01,master-stock-list-05-10
issue,9648161,ASE 36,240.0,1369-Esmeralda,Stock,Allocated to 1369-Esmeralda,master-stock-list-05-10
issue,9648161,ASE 36,180.0,1369-Esmeralda (balance doors),Stock,Allocated to 1369-Esmeralda (balance doors),master-stock-list-05-10
issue,9648162,ASE 36,5.0,1349 - MEADOWS 01,Stock,Allocated to 1349 - MEADOWS 01,master-stock-list-05-10
issue,9648162,ASE 36,6.0,1369-Esmeralda,Stock,Allocated to 1369-Esmeralda,master-stock-list-05-10
issue,9648162,ASE 36,3.0,1369-Esmeralda (balance doors),Stock,Allocated to 1369-Esmeralda (balance doors),master-stock-list-05-10
issue,9648167,ASE 36,13.0,1349 - MEADOWS 01,Stock,Allocated to 1349 - MEADOWS 01,master-stock-list-05-10
issue,9648167,ASE 36,9.0,1369-Esmeralda,Stock,Allocated to 1369-Esmeralda,master-stock-list-05-10
issue,9648167,ASE 36,6.0,1369-Esmeralda (balance doors),Stock,Allocated to 1369-Esmeralda (balance doors),master-stock-list-05-10
issue,9648168,ASE 36,13.0,1349 - MEADOWS 01,Stock,Allocated to 1349 - MEADOWS 01,master-stock-list-05-10
issue,9648168,ASE 36,9.0,1369-Esmeralda,Stock,Allocated to 1369-Esmeralda,master-stock-list-05-10
issue,9648168,ASE 36,6.0,1369-Esmeralda (balance doors),Stock,Allocated to 1369-Esmeralda (balance doors),master-stock-list-05-10
issue,9648170,ASE 36,65.0,1349 - MEADOWS 01,Stock,Allocated to 1349 - MEADOWS 01,master-stock-list-05-10
issue,9648170,ASE 36,45.0,1369-Esmeralda,Stock,Allocated to 1369-Esmeralda,master-stock-list-05-10
issue,9648170,ASE 36,31.0,1369-Esmeralda (balance doors),Stock,Allocated to 1369-Esmeralda (balance doors),master-stock-list-05-10
issue,9649621,ASE 36,7.0,1349 - MEADOWS 01,Stock,Allocated to 1349 - MEADOWS 01,master-stock-list-05-10
issue,9649621,ASE 36,7.0,1369-Esmeralda,Stock,Allocated to 1369-Esmeralda,master-stock-list-05-10
issue,9649622,ASE 36,6.0,1349 - MEADOWS 01,Stock,Allocated to 1349 - MEADOWS 01,master-stock-list-05-10
issue,9649622,ASE 36,2.0,1369-Esmeralda,Stock,Allocated to 1369-Esmeralda,master-stock-list-05-10
issue,9649622,ASE 36,3.0,1369-Esmeralda (balance doors),Stock,Allocated to 1369-Esmeralda (balance doors),master-stock-list-05-10
issue,9649623,ASE 36,7.0,1349 - MEADOWS 01,Stock,Allocated to 1349 - MEADOWS 01,master-stock-list-05-10
issue,9649623,ASE 36,7.0,1369-Esmeralda,Stock,Allocated to 1369-Esmeralda,master-stock-list-05-10
issue,9649624,ASE 36,6.0,1349 - MEADOWS 01,Stock,Allocated to 1349 - MEADOWS 01,master-stock-list-05-10
issue,9649624,ASE 36,2.0,1369-Esmeralda,Stock,Allocated to 1369-Esmeralda,master-stock-list-05-10
issue,9649624,ASE 36,3.0,1369-Esmeralda (balance doors),Stock,Allocated to 1369-Esmeralda (balance doors),master-stock-list-05-10
issue,9649625,ASE 36,7.0,1349 - MEADOWS 01,Stock,Allocated to 1349 - MEADOWS 01,master-stock-list-05-10
issue,9649625,ASE 36,7.0,1369-Esmeralda,Stock,Allocated to 1369-Esmeralda,master-stock-list-05-10
issue,9649626,ASE 36,6.0,1349 - MEADOWS 01,Stock,Allocated to 1349 - MEADOWS 01,master-stock-list-05-10
issue,9649626,ASE 36,2.0,1369-Esmeralda,Stock,Allocated to 1369-Esmeralda,master-stock-list-05-10
issue,9649626,ASE 36,3.0,1369-Esmeralda (balance doors),Stock,Allocated to 1369-Esmeralda (balance doors),master-stock-list-05-10
issue,9649627,ASE 36,26.0,1349 - MEADOWS 01,Stock,Allocated to 1349 - MEADOWS 01,master-stock-list-05-10
issue,9649627,ASE 36,18.0,1369-Esmeralda,Stock,Allocated to 1369-Esmeralda,master-stock-list-05-10
issue,9649627,ASE 36,10.0,1369-Esmeralda (balance doors),Stock,Allocated to 1369-Esmeralda (balance doors),master-stock-list-05-10
issue,9649628,ASE 36,6.0,1349 - MEADOWS 01,Stock,Allocated to 1349 - MEADOWS 01,master-stock-list-05-10
issue,9649628,ASE 36,7.0,1369-Esmeralda,Stock,Allocated to 1369-Esmeralda,master-stock-list-05-10
issue,9649629,ASE 36,5.0,1349 - MEADOWS 01,Stock,Allocated to 1349 - MEADOWS 01,master-stock-list-05-10
issue,9649629,ASE 36,2.0,1369-Esmeralda,Stock,Allocated to 1369-Esmeralda,master-stock-list-05-10
issue,9649629,ASE 36,3.0,1369-Esmeralda (balance doors),Stock,Allocated to 1369-Esmeralda (balance doors),master-stock-list-05-10
issue,9650457,ASE 36,260.0,1349 - MEADOWS 01,Stock,Allocated to 1349 - MEADOWS 01,master-stock-list-05-10
issue,9650457,ASE 36,190.0,1369-Esmeralda,Stock,Allocated to 1369-Esmeralda,master-stock-list-05-10
issue,9650457,ASE 36,130.0,1369-Esmeralda (balance doors),Stock,Allocated to 1369-Esmeralda (balance doors),master-stock-list-05-10
issue,9651248,ASE 36,11.0,1349 - MEADOWS 01,Stock,Allocated to 1349 - MEADOWS 01,master-stock-list-05-10
issue,9651248,ASE 36,10.0,1369-Esmeralda,Stock,Allocated to 1369-Esmeralda,master-stock-list-05-10
issue,9651248,ASE 36,5.0,1369-Esmeralda (balance doors),Stock,Allocated to 1369-Esmeralda (balance doors),master-stock-list-05-10
issue,9654598,ASE 36,6.0,1349 - MEADOWS 01,Stock,Allocated to 1349 - MEADOWS 01,master-stock-list-05-10
issue,9654598,ASE 36,3.0,1369-Esmeralda,Stock,Allocated to 1369-Esmeralda,master-stock-list-05-10
issue,9654598,ASE 36,3.0,1369-Esmeralda (balance doors),Stock,Allocated to 1369-Esmeralda (balance doors),master-stock-list-05-10
issue,9654599,ASE 36,5.0,1349 - MEADOWS 01,Stock,Allocated to 1349 - MEADOWS 01,master-stock-list-05-10
issue,9654599,ASE 36,7.0,1369-Esmeralda,Stock,Allocated to 1369-Esmeralda,master-stock-list-05-10
issue,9654599,ASE 36,1.0,1369-Esmeralda (balance doors),Stock,Allocated to 1369-Esmeralda (balance doors),master-stock-list-05-10
issue,9655380,ASE 36,2.0,1349 - MEADOWS 01,Stock,Allocated to 1349 - MEADOWS 01,master-stock-list-05-10
issue,9655380,ASE 36,2.0,1369-Esmeralda,Stock,Allocated to 1369-Esmeralda,master-stock-list-05-10
issue,9655380,ASE 36,1.0,1369-Esmeralda (balance doors),Stock,Allocated to 1369-Esmeralda (balance doors),master-stock-list-05-10
issue,9655841,ASE 36,20.0,1349 - MEADOWS 01,Stock,Allocated to 1349 - MEADOWS 01,master-stock-list-05-10
issue,9655841,ASE 36,17.0,1369-Esmeralda,Stock,Allocated to 1369-Esmeralda,master-stock-list-05-10
issue,9655841,ASE 36,10.0,1369-Esmeralda (balance doors),Stock,Allocated to 1369-Esmeralda (balance doors),master-stock-list-05-10
issue,9657617,ASE 36,11.0,1349 - MEADOWS 01,Stock,Allocated to 1349 - MEADOWS 01,master-stock-list-05-10
issue,207981,ADS 65 HINGED DOOR,3.0,1350 - MEADOWS-09,"VILLA 14,  MIRADOR A",Allocated to 1350 - MEADOWS-09,master-stock-list-05-10
issue,212982,ADS 65 HINGED DOOR,5.0,1350 - MEADOWS-09,"VILLA 14,  MIRADOR A",Allocated to 1350 - MEADOWS-09,master-stock-list-05-10
issue,239613,ADS 65 HINGED DOOR,6.0,1393 - SAVANNAH,"VILLA 14,  MIRADOR A",Allocated to 1393 - SAVANNAH,master-stock-list-05-10
issue,240613,ADS 65 HINGED DOOR,2.0,1393 - SAVANNAH,"VILLA 14,  MIRADOR A",Allocated to 1393 - SAVANNAH,master-stock-list-05-10
issue,240716,ADS 65 HINGED DOOR,2.0,1393 - SAVANNAH,"VILLA 14,  MIRADOR A",Allocated to 1393 - SAVANNAH,master-stock-list-05-10
issue,240866,ADS 65 HINGED DOOR,4.0,1393 - SAVANNAH,"VILLA 14,  MIRADOR A",Allocated to 1393 - SAVANNAH,master-stock-list-05-10
issue,201399,AS FD 90 HI,1.0,1393 - SAVANNAH,"Villa 24, Street 4, Savannah A",Allocated to 1393 - SAVANNAH,master-stock-list-05-10
issue,203102,AS FD 90 HI,100.0,1393 - SAVANNAH,"Villa 24, Street 4, Savannah A",Allocated to 1393 - SAVANNAH,master-stock-list-05-10
issue,205007,AS FD 90 HI,4.0,1393 - SAVANNAH,"Villa 24, Street 4, Savannah A",Allocated to 1393 - SAVANNAH,master-stock-list-05-10
issue,205008,AS FD 90 HI,4.0,1393 - SAVANNAH,"Villa 24, Street 4, Savannah A",Allocated to 1393 - SAVANNAH,master-stock-list-05-10
issue,205081,AS FD 90 HI,50.0,1393 - SAVANNAH,"Villa 24, Street 4, Savannah A",Allocated to 1393 - SAVANNAH,master-stock-list-05-10
issue,205469,AS FD 90 HI,4.0,1393 - SAVANNAH,"Villa 24, Street 4, Savannah A",Allocated to 1393 - SAVANNAH,master-stock-list-05-10
issue,205875,AS FD 90 HI,4.0,1393 - SAVANNAH,"Villa 24, Street 4, Savannah A",Allocated to 1393 - SAVANNAH,master-stock-list-05-10
issue,218157,AS FD 90 HI,100.0,1393 - SAVANNAH,"Villa 24, Street 4, Savannah A",Allocated to 1393 - SAVANNAH,master-stock-list-05-10
issue,220860,AS FD 90 HI,1.0,1393 - SAVANNAH,"Villa 24, Street 4, Savannah A",Allocated to 1393 - SAVANNAH,master-stock-list-05-10
issue,220986,AS FD 90 HI,24.0,1393 - SAVANNAH,"Villa 24, Street 4, Savannah A",Allocated to 1393 - SAVANNAH,master-stock-list-05-10
issue,224378,AS FD 90 HI,35.0,1393 - SAVANNAH,"Villa 24, Street 4, Savannah A",Allocated to 1393 - SAVANNAH,master-stock-list-05-10
issue,225409,AS FD 90 HI,1.0,1393 - SAVANNAH,"Villa 24, Street 4, Savannah A",Allocated to 1393 - SAVANNAH,master-stock-list-05-10
issue,225410,AS FD 90 HI,1.0,1393 - SAVANNAH,"Villa 24, Street 4, Savannah A",Allocated to 1393 - SAVANNAH,master-stock-list-05-10
issue,225412,AS FD 90 HI,1.0,1393 - SAVANNAH,"Villa 24, Street 4, Savannah A",Allocated to 1393 - SAVANNAH,master-stock-list-05-10
issue,225448,AS FD 90 HI,1.0,1393 - SAVANNAH,"Villa 24, Street 4, Savannah A",Allocated to 1393 - SAVANNAH,master-stock-list-05-10
issue,225463,AS FD 90 HI,10.0,1393 - SAVANNAH,"Villa 24, Street 4, Savannah A",Allocated to 1393 - SAVANNAH,master-stock-list-05-10
issue,225465,AS FD 90 HI,1.0,1393 - SAVANNAH,"Villa 24, Street 4, Savannah A",Allocated to 1393 - SAVANNAH,master-stock-list-05-10
issue,225685,AS FD 90 HI,2.0,1393 - SAVANNAH,"Villa 24, Street 4, Savannah A",Allocated to 1393 - SAVANNAH,master-stock-list-05-10
issue,225801,AS FD 90 HI,1.0,1393 - SAVANNAH,"Villa 24, Street 4, Savannah A",Allocated to 1393 - SAVANNAH,master-stock-list-05-10
issue,225890,AS FD 90 HI,20.0,1393 - SAVANNAH,"Villa 24, Street 4, Savannah A",Allocated to 1393 - SAVANNAH,master-stock-list-05-10
issue,225901,AS FD 90 HI,1.0,1393 - SAVANNAH,"Villa 24, Street 4, Savannah A",Allocated to 1393 - SAVANNAH,master-stock-list-05-10
issue,225943,AS FD 90 HI,1.0,1393 - SAVANNAH,"Villa 24, Street 4, Savannah A",Allocated to 1393 - SAVANNAH,master-stock-list-05-10
issue,225945,AS FD 90 HI,2.0,1393 - SAVANNAH,"Villa 24, Street 4, Savannah A",Allocated to 1393 - SAVANNAH,master-stock-list-05-10
issue,225960,AS FD 90 HI,1.0,1393 - SAVANNAH,"Villa 24, Street 4, Savannah A",Allocated to 1393 - SAVANNAH,master-stock-list-05-10
issue,227652,AS FD 90 HI,10.0,1393 - SAVANNAH,"Villa 24, Street 4, Savannah A",Allocated to 1393 - SAVANNAH,master-stock-list-05-10
issue,227873,AS FD 90 HI,1.0,1393 - SAVANNAH,"Villa 24, Street 4, Savannah A",Allocated to 1393 - SAVANNAH,master-stock-list-05-10
issue,232703,AS FD 90 HI,1.0,1393 - SAVANNAH,"Villa 24, Street 4, Savannah A",Allocated to 1393 - SAVANNAH,master-stock-list-05-10
issue,232715,AS FD 90 HI,1.0,1393 - SAVANNAH,"Villa 24, Street 4, Savannah A",Allocated to 1393 - SAVANNAH,master-stock-list-05-10
issue,232717,AS FD 90 HI,1.0,1393 - SAVANNAH,"Villa 24, Street 4, Savannah A",Allocated to 1393 - SAVANNAH,master-stock-list-05-10
issue,235682,AS FD 90 HI,2.0,1393 - SAVANNAH,"Villa 24, Street 4, Savannah A",Allocated to 1393 - SAVANNAH,master-stock-list-05-10
issue,235683,AS FD 90 HI,12.0,1393 - SAVANNAH,"Villa 24, Street 4, Savannah A",Allocated to 1393 - SAVANNAH,master-stock-list-05-10
issue,239991,AS FD 90 HI,1.0,1393 - SAVANNAH,"Villa 24, Street 4, Savannah A",Allocated to 1393 - SAVANNAH,master-stock-list-05-10
issue,240730,AS FD 90 HI,2.0,1393 - SAVANNAH,"Villa 24, Street 4, Savannah A",Allocated to 1393 - SAVANNAH,master-stock-list-05-10
issue,244383,AS FD 90 HI,1.0,1393 - SAVANNAH,"Villa 24, Street 4, Savannah A",Allocated to 1393 - SAVANNAH,master-stock-list-05-10
issue,244416,AS FD 90 HI,25.0,1393 - SAVANNAH,"Villa 24, Street 4, Savannah A",Allocated to 1393 - SAVANNAH,master-stock-list-05-10
issue,245539,AS FD 90 HI,6.0,1393 - SAVANNAH,"Villa 24, Street 4, Savannah A",Allocated to 1393 - SAVANNAH,master-stock-list-05-10
issue,245592,AS FD 90 HI,1.0,1393 - SAVANNAH,"Villa 24, Street 4, Savannah A",Allocated to 1393 - SAVANNAH,master-stock-list-05-10
issue,245660,AS FD 90 HI,1.0,1393 - SAVANNAH,"Villa 24, Street 4, Savannah A",Allocated to 1393 - SAVANNAH,master-stock-list-05-10
issue,245665,AS FD 90 HI,1.0,1393 - SAVANNAH,"Villa 24, Street 4, Savannah A",Allocated to 1393 - SAVANNAH,master-stock-list-05-10
issue,245686,AS FD 90 HI,1.0,1393 - SAVANNAH,"Villa 24, Street 4, Savannah A",Allocated to 1393 - SAVANNAH,master-stock-list-05-10
issue,245701,AS FD 90 HI,5.0,1393 - SAVANNAH,"Villa 24, Street 4, Savannah A",Allocated to 1393 - SAVANNAH,master-stock-list-05-10
issue,245702,AS FD 90 HI,30.0,1393 - SAVANNAH,"Villa 24, Street 4, Savannah A",Allocated to 1393 - SAVANNAH,master-stock-list-05-10
issue,245703,AS FD 90 HI,5.0,1393 - SAVANNAH,"Villa 24, Street 4, Savannah A",Allocated to 1393 - SAVANNAH,master-stock-list-05-10
issue,245731,AS FD 90 HI,7.0,1393 - SAVANNAH,"Villa 24, Street 4, Savannah A",Allocated to 1393 - SAVANNAH,master-stock-list-05-10
issue,245732,AS FD 90 HI,6.0,1393 - SAVANNAH,"Villa 24, Street 4, Savannah A",Allocated to 1393 - SAVANNAH,master-stock-list-05-10
issue,245767,AS FD 90 HI,1.0,1393 - SAVANNAH,"Villa 24, Street 4, Savannah A",Allocated to 1393 - SAVANNAH,master-stock-list-05-10
issue,245887,AS FD 90 HI,1.0,1393 - SAVANNAH,"Villa 24, Street 4, Savannah A",Allocated to 1393 - SAVANNAH,master-stock-list-05-10
issue,245888,AS FD 90 HI,5.0,1393 - SAVANNAH,"Villa 24, Street 4, Savannah A",Allocated to 1393 - SAVANNAH,master-stock-list-05-10
issue,245890,AS FD 90 HI,7.0,1393 - SAVANNAH,"Villa 24, Street 4, Savannah A",Allocated to 1393 - SAVANNAH,master-stock-list-05-10
issue,245891,AS FD 90 HI,5.0,1393 - SAVANNAH,"Villa 24, Street 4, Savannah A",Allocated to 1393 - SAVANNAH,master-stock-list-05-10
issue,269191,AS FD 90 HI,2.0,1393 - SAVANNAH,"Villa 24, Street 4, Savannah A",Allocated to 1393 - SAVANNAH,master-stock-list-05-10
issue,269260,AS FD 90 HI,1.0,1393 - SAVANNAH,"Villa 24, Street 4, Savannah A",Allocated to 1393 - SAVANNAH,master-stock-list-05-10
issue,269274,AS FD 90 HI,40.0,1393 - SAVANNAH,"Villa 24, Street 4, Savannah A",Allocated to 1393 - SAVANNAH,master-stock-list-05-10
issue,269368,AS FD 90 HI,1.0,1393 - SAVANNAH,"Villa 24, Street 4, Savannah A",Allocated to 1393 - SAVANNAH,master-stock-list-05-10
issue,270895,AS FD 90 HI,1.0,1393 - SAVANNAH,"Villa 24, Street 4, Savannah A",Allocated to 1393 - SAVANNAH,master-stock-list-05-10
issue,276793,AS FD 90 HI,4.0,1393 - SAVANNAH,"Villa 24, Street 4, Savannah A",Allocated to 1393 - SAVANNAH,master-stock-list-05-10
issue,277308,AS FD 90 HI,1.0,1393 - SAVANNAH,"Villa 24, Street 4, Savannah A",Allocated to 1393 - SAVANNAH,master-stock-list-05-10
issue,279215,AS FD 90 HI,1.0,1393 - SAVANNAH,"Villa 24, Street 4, Savannah A",Allocated to 1393 - SAVANNAH,master-stock-list-05-10
issue,279714,AS FD 90 HI,7.0,1393 - SAVANNAH,"Villa 24, Street 4, Savannah A",Allocated to 1393 - SAVANNAH,master-stock-list-05-10
issue,279777,AS FD 90 HI,1.0,1393 - SAVANNAH,"Villa 24, Street 4, Savannah A",Allocated to 1393 - SAVANNAH,master-stock-list-05-10
issue,281849,AS FD 90 HI,9.4,1393 - SAVANNAH,"Villa 24, Street 4, Savannah A",Allocated to 1393 - SAVANNAH,master-stock-list-05-10
issue,284013,AS FD 90 HI,1.0,1393 - SAVANNAH,"Villa 24, Street 4, Savannah A",Allocated to 1393 - SAVANNAH,master-stock-list-05-10
issue,284017,AS FD 90 HI,1.0,1393 - SAVANNAH,"Villa 24, Street 4, Savannah A",Allocated to 1393 - SAVANNAH,master-stock-list-05-10
issue,284439,AS FD 90 HI,2.0,1393 - SAVANNAH,"Villa 24, Street 4, Savannah A",Allocated to 1393 - SAVANNAH,master-stock-list-05-10
issue,284763,AS FD 90 HI,1.0,1393 - SAVANNAH,"Villa 24, Street 4, Savannah A",Allocated to 1393 - SAVANNAH,master-stock-list-05-10
issue,298195,AS FD 90 HI,15.0,1393 - SAVANNAH,"Villa 24, Street 4, Savannah A",Allocated to 1393 - SAVANNAH,master-stock-list-05-10
issue,313230,AS FD 90 HI,4.0,1393 - SAVANNAH,"Villa 24, Street 4, Savannah A",Allocated to 1393 - SAVANNAH,master-stock-list-05-10
issue,525460,AS FD 90 HI,1.0,1393 - SAVANNAH,"Villa 24, Street 4, Savannah A",Allocated to 1393 - SAVANNAH,master-stock-list-05-10
issue,542100,AS FD 90 HI,4.0,1393 - SAVANNAH,"Villa 24, Street 4, Savannah A",Allocated to 1393 - SAVANNAH,master-stock-list-05-10
issue,542110,AS FD 90 HI,3.0,1393 - SAVANNAH,"Villa 24, Street 4, Savannah A",Allocated to 1393 - SAVANNAH,master-stock-list-05-10
issue,542370,AS FD 90 HI,2.0,1393 - SAVANNAH,"Villa 24, Street 4, Savannah A",Allocated to 1393 - SAVANNAH,master-stock-list-05-10
issue,542770,AS FD 90 HI,1.0,1393 - SAVANNAH,"Villa 24, Street 4, Savannah A",Allocated to 1393 - SAVANNAH,master-stock-list-05-10
issue,542980,AS FD 90 HI,1.0,1393 - SAVANNAH,"Villa 24, Street 4, Savannah A",Allocated to 1393 - SAVANNAH,master-stock-list-05-10
issue,555930,AS FD 90 HI,1.0,1393 - SAVANNAH,"Villa 24, Street 4, Savannah A",Allocated to 1393 - SAVANNAH,master-stock-list-05-10
issue,555940,AS FD 90 HI,1.0,1393 - SAVANNAH,"Villa 24, Street 4, Savannah A",Allocated to 1393 - SAVANNAH,master-stock-list-05-10
issue,555990,AS FD 90 HI,1.0,1393 - SAVANNAH,"Villa 24, Street 4, Savannah A",Allocated to 1393 - SAVANNAH,master-stock-list-05-10
issue,576000,AS FD 90 HI,1.0,1393 - SAVANNAH,"Villa 24, Street 4, Savannah A",Allocated to 1393 - SAVANNAH,master-stock-list-05-10
issue,576010,AS FD 90 HI,1.0,1393 - SAVANNAH,"Villa 24, Street 4, Savannah A",Allocated to 1393 - SAVANNAH,master-stock-list-05-10
issue,576030,AS FD 90 HI,1.0,1393 - SAVANNAH,"Villa 24, Street 4, Savannah A",Allocated to 1393 - SAVANNAH,master-stock-list-05-10
issue,576040,AS FD 90 HI,1.0,1393 - SAVANNAH,"Villa 24, Street 4, Savannah A",Allocated to 1393 - SAVANNAH,master-stock-list-05-10
issue,576050,AS FD 90 HI,1.0,1393 - SAVANNAH,"Villa 24, Street 4, Savannah A",Allocated to 1393 - SAVANNAH,master-stock-list-05-10
issue,576090,AS FD 90 HI,1.0,1393 - SAVANNAH,"Villa 24, Street 4, Savannah A",Allocated to 1393 - SAVANNAH,master-stock-list-05-10
issue,576110,AS FD 90 HI,1.0,1393 - SAVANNAH,"Villa 24, Street 4, Savannah A",Allocated to 1393 - SAVANNAH,master-stock-list-05-10
issue,201316,ASE 36 (BALANCE),4.0,1369-Esmeralda (balance doors),"Villa 80 - ST3, Esmeralda – A",Allocated to 1369-Esmeralda (balance doors),master-stock-list-05-10
issue,224073,ASE 36 (BALANCE),4.0,1369-Esmeralda (balance doors),"Villa 80 - ST3, Esmeralda – A",Allocated to 1369-Esmeralda (balance doors),master-stock-list-05-10
issue,224683,ASE 36 (BALANCE),35.0,1369-Esmeralda (balance doors),"Villa 80 - ST3, Esmeralda – A",Allocated to 1369-Esmeralda (balance doors),master-stock-list-05-10
issue,288191,ASE 36 (BALANCE),12.0,1369-Esmeralda (balance doors),"Villa 80 - ST3, Esmeralda – A",Allocated to 1369-Esmeralda (balance doors),master-stock-list-05-10
issue,9638559,ASE 36 (BALANCE),2.0,1369-Esmeralda (balance doors),"Villa 80 - ST3, Esmeralda – A",Allocated to 1369-Esmeralda (balance doors),master-stock-list-05-10
issue,9638561,ASE 36 (BALANCE),2.0,1369-Esmeralda (balance doors),"Villa 80 - ST3, Esmeralda – A",Allocated to 1369-Esmeralda (balance doors),master-stock-list-05-10
issue,9640297,ASE 36 (BALANCE),4.0,1369-Esmeralda (balance doors),"Villa 80 - ST3, Esmeralda – A",Allocated to 1369-Esmeralda (balance doors),master-stock-list-05-10
issue,9640299,ASE 36 (BALANCE),4.0,1369-Esmeralda (balance doors),"Villa 80 - ST3, Esmeralda – A",Allocated to 1369-Esmeralda (balance doors),master-stock-list-05-10
issue,9640300,ASE 36 (BALANCE),2.0,1369-Esmeralda (balance doors),"Villa 80 - ST3, Esmeralda – A",Allocated to 1369-Esmeralda (balance doors),master-stock-list-05-10
issue,9640301,ASE 36 (BALANCE),2.0,1369-Esmeralda (balance doors),"Villa 80 - ST3, Esmeralda – A",Allocated to 1369-Esmeralda (balance doors),master-stock-list-05-10
issue,9640302,ASE 36 (BALANCE),2.0,1369-Esmeralda (balance doors),"Villa 80 - ST3, Esmeralda – A",Allocated to 1369-Esmeralda (balance doors),master-stock-list-05-10
issue,9640303,ASE 36 (BALANCE),2.0,1369-Esmeralda (balance doors),"Villa 80 - ST3, Esmeralda – A",Allocated to 1369-Esmeralda (balance doors),master-stock-list-05-10
issue,9640308,ASE 36 (BALANCE),2.0,1369-Esmeralda (balance doors),"Villa 80 - ST3, Esmeralda – A",Allocated to 1369-Esmeralda (balance doors),master-stock-list-05-10
issue,9648147,ASE 36 (BALANCE),1.0,1369-Esmeralda (balance doors),"Villa 80 - ST3, Esmeralda – A",Allocated to 1369-Esmeralda (balance doors),master-stock-list-05-10
issue,9648148,ASE 36 (BALANCE),1.0,1369-Esmeralda (balance doors),"Villa 80 - ST3, Esmeralda – A",Allocated to 1369-Esmeralda (balance doors),master-stock-list-05-10
issue,9648149,ASE 36 (BALANCE),1.0,1369-Esmeralda (balance doors),"Villa 80 - ST3, Esmeralda – A",Allocated to 1369-Esmeralda (balance doors),master-stock-list-05-10
issue,9648150,ASE 36 (BALANCE),1.0,1369-Esmeralda (balance doors),"Villa 80 - ST3, Esmeralda – A",Allocated to 1369-Esmeralda (balance doors),master-stock-list-05-10
issue,9648160,ASE 36 (BALANCE),1.0,1369-Esmeralda (balance doors),"Villa 80 - ST3, Esmeralda – A",Allocated to 1369-Esmeralda (balance doors),master-stock-list-05-10
issue,9648162,ASE 36 (BALANCE),2.0,1369-Esmeralda (balance doors),"Villa 80 - ST3, Esmeralda – A",Allocated to 1369-Esmeralda (balance doors),master-stock-list-05-10
issue,9649621,ASE 36 (BALANCE),1.0,1369-Esmeralda (balance doors),"Villa 80 - ST3, Esmeralda – A",Allocated to 1369-Esmeralda (balance doors),master-stock-list-05-10
issue,9649623,ASE 36 (BALANCE),1.0,1369-Esmeralda (balance doors),"Villa 80 - ST3, Esmeralda – A",Allocated to 1369-Esmeralda (balance doors),master-stock-list-05-10
issue,9649625,ASE 36 (BALANCE),1.0,1369-Esmeralda (balance doors),"Villa 80 - ST3, Esmeralda – A",Allocated to 1369-Esmeralda (balance doors),master-stock-list-05-10
issue,9649627,ASE 36 (BALANCE),2.0,1369-Esmeralda (balance doors),"Villa 80 - ST3, Esmeralda – A",Allocated to 1369-Esmeralda (balance doors),master-stock-list-05-10
issue,9649628,ASE 36 (BALANCE),1.0,1369-Esmeralda (balance doors),"Villa 80 - ST3, Esmeralda – A",Allocated to 1369-Esmeralda (balance doors),master-stock-list-05-10
issue,9657618,ASE 36 (BALANCE),10.0,1369-Esmeralda,"Villa 80 - ST3, Esmeralda – A",Allocated to 1369-Esmeralda,master-stock-list-05-10
issue,9657618,ASE 36 (BALANCE),4.0,1369-Esmeralda (balance doors),"Villa 80 - ST3, Esmeralda – A",Allocated to 1369-Esmeralda (balance doors),master-stock-list-05-10
issue,203540,ASE 54 PD,40.0,1348 - RASHA,Villa C35 and Apartment 606,Allocated to 1348 - RASHA,master-stock-list-05-10
issue,203540,ASE 54 PD,70.0,1350 - MEADOWS-09,Villa C35 and Apartment 606,Allocated to 1350 - MEADOWS-09,master-stock-list-05-10
issue,203540,ASE 54 PD,60.0,1361 - C35,Villa C35 and Apartment 606,Allocated to 1361 - C35,master-stock-list-05-10
issue,203540,ASE 54 PD,30.0,1380 - APARTMENT 606,Villa C35 and Apartment 606,Allocated to 1380 - APARTMENT 606,master-stock-list-05-10
issue,205437,ASE 54 PD,100.0,1361 - C35,Villa C35 and Apartment 606,Allocated to 1361 - C35,master-stock-list-05-10
issue,225677,ASE 54 PD,4.0,1348 - RASHA,Villa C35 and Apartment 606,Allocated to 1348 - RASHA,master-stock-list-05-10
issue,225677,ASE 54 PD,7.0,1350 - MEADOWS-09,Villa C35 and Apartment 606,Allocated to 1350 - MEADOWS-09,master-stock-list-05-10
issue,225677,ASE 54 PD,100.0,1361 - C35,Villa C35 and Apartment 606,Allocated to 1361 - C35,master-stock-list-05-10
issue,225677,ASE 54 PD,1.0,1380 - APARTMENT 606,Villa C35 and Apartment 606,Allocated to 1380 - APARTMENT 606,master-stock-list-05-10
issue,225677,ASE 54 PD,1.0,1393 - SAVANNAH,Villa C35 and Apartment 606,Allocated to 1393 - SAVANNAH,master-stock-list-05-10
issue,284077,ASE 54 PD,16.0,1350 - MEADOWS-09,Villa C35 and Apartment 606,Allocated to 1350 - MEADOWS-09,master-stock-list-05-10
issue,288320,ASE 54 PD,10.0,1361 - C35,Villa C35 and Apartment 606,Allocated to 1361 - C35,master-stock-list-05-10
issue,288320,ASE 54 PD,2.0,1393 - SAVANNAH,Villa C35 and Apartment 606,Allocated to 1393 - SAVANNAH,master-stock-list-05-10
issue,298444,ASE 54 PD,50.0,1361 - C35,Villa C35 and Apartment 606,Allocated to 1361 - C35,master-stock-list-05-10
issue,9648314,ASE 54 PD,1.0,1361 - C35,Villa C35 and Apartment 606,Allocated to 1361 - C35,master-stock-list-05-10
issue,9648314,ASE 54 PD,1.0,1380 - APARTMENT 606,Villa C35 and Apartment 606,Allocated to 1380 - APARTMENT 606,master-stock-list-05-10
issue,9648319,ASE 54 PD,1.0,1361 - C35,Villa C35 and Apartment 606,Allocated to 1361 - C35,master-stock-list-05-10
issue,9648319,ASE 54 PD,1.0,1380 - APARTMENT 606,Villa C35 and Apartment 606,Allocated to 1380 - APARTMENT 606,master-stock-list-05-10
issue,184090,"70PD & 90HI, 35PD CW - 7pcs",10.0,1397 - FLAMETREE,"Villa D58, Flame Tree Ridge A",Allocated to 1397 - FLAMETREE,master-stock-list-05-10
issue,201399,"70PD & 90HI, 35PD CW - 7pcs",2.0,1397 - FLAMETREE,"Villa D58, Flame Tree Ridge A",Allocated to 1397 - FLAMETREE,master-stock-list-05-10
issue,203102,"70PD & 90HI, 35PD CW - 7pcs",300.0,1397 - FLAMETREE,"Villa D58, Flame Tree Ridge A",Allocated to 1397 - FLAMETREE,master-stock-list-05-10
issue,205007,"70PD & 90HI, 35PD CW - 7pcs",24.0,1397 - FLAMETREE,"Villa D58, Flame Tree Ridge A",Allocated to 1397 - FLAMETREE,master-stock-list-05-10
issue,205080,"70PD & 90HI, 35PD CW - 7pcs",60.0,1397 - FLAMETREE,"Villa D58, Flame Tree Ridge A",Allocated to 1397 - FLAMETREE,master-stock-list-05-10
issue,205081,"70PD & 90HI, 35PD CW - 7pcs",16.0,1397 - FLAMETREE,"Villa D58, Flame Tree Ridge A",Allocated to 1397 - FLAMETREE,master-stock-list-05-10
issue,205082,"70PD & 90HI, 35PD CW - 7pcs",4.0,1397 - FLAMETREE,"Villa D58, Flame Tree Ridge A",Allocated to 1397 - FLAMETREE,master-stock-list-05-10
issue,205292,"70PD & 90HI, 35PD CW - 7pcs",96.0,1397 - FLAMETREE,"Villa D58, Flame Tree Ridge A",Allocated to 1397 - FLAMETREE,master-stock-list-05-10
issue,205390,"70PD & 90HI, 35PD CW - 7pcs",96.0,1397 - FLAMETREE,"Villa D58, Flame Tree Ridge A",Allocated to 1397 - FLAMETREE,master-stock-list-05-10
issue,205430,"70PD & 90HI, 35PD CW - 7pcs",4.0,1393 - SAVANNAH,"Villa D58, Flame Tree Ridge A",Allocated to 1393 - SAVANNAH,master-stock-list-05-10
issue,205430,"70PD & 90HI, 35PD CW - 7pcs",12.0,1397 - FLAMETREE,"Villa D58, Flame Tree Ridge A",Allocated to 1397 - FLAMETREE,master-stock-list-05-10
issue,205436,"70PD & 90HI, 35PD CW - 7pcs",352.0,1397 - FLAMETREE,"Villa D58, Flame Tree Ridge A",Allocated to 1397 - FLAMETREE,master-stock-list-05-10
issue,205478,"70PD & 90HI, 35PD CW - 7pcs",16.0,1397 - FLAMETREE,"Villa D58, Flame Tree Ridge A",Allocated to 1397 - FLAMETREE,master-stock-list-05-10
issue,205827,"70PD & 90HI, 35PD CW - 7pcs",8.0,1397 - FLAMETREE,"Villa D58, Flame Tree Ridge A",Allocated to 1397 - FLAMETREE,master-stock-list-05-10
issue,205876,"70PD & 90HI, 35PD CW - 7pcs",8.0,1397 - FLAMETREE,"Villa D58, Flame Tree Ridge A",Allocated to 1397 - FLAMETREE,master-stock-list-05-10
issue,205930,"70PD & 90HI, 35PD CW - 7pcs",21.0,1397 - FLAMETREE,"Villa D58, Flame Tree Ridge A",Allocated to 1397 - FLAMETREE,master-stock-list-05-10
issue,218157,"70PD & 90HI, 35PD CW - 7pcs",200.0,1397 - FLAMETREE,"Villa D58, Flame Tree Ridge A",Allocated to 1397 - FLAMETREE,master-stock-list-05-10
issue,218170,"70PD & 90HI, 35PD CW - 7pcs",32.0,1397 - FLAMETREE,"Villa D58, Flame Tree Ridge A",Allocated to 1397 - FLAMETREE,master-stock-list-05-10
issue,220860,"70PD & 90HI, 35PD CW - 7pcs",4.0,1397 - FLAMETREE,"Villa D58, Flame Tree Ridge A",Allocated to 1397 - FLAMETREE,master-stock-list-05-10
issue,224063,"70PD & 90HI, 35PD CW - 7pcs",220.0,1397 - FLAMETREE,"Villa D58, Flame Tree Ridge A",Allocated to 1397 - FLAMETREE,master-stock-list-05-10
issue,224073,"70PD & 90HI, 35PD CW - 7pcs",58.0,1397 - FLAMETREE,"Villa D58, Flame Tree Ridge A",Allocated to 1397 - FLAMETREE,master-stock-list-05-10
issue,224350,"70PD & 90HI, 35PD CW - 7pcs",260.0,1397 - FLAMETREE,"Villa D58, Flame Tree Ridge A",Allocated to 1397 - FLAMETREE,master-stock-list-05-10
issue,224690,"70PD & 90HI, 35PD CW - 7pcs",20.0,1397 - FLAMETREE,"Villa D58, Flame Tree Ridge A",Allocated to 1397 - FLAMETREE,master-stock-list-05-10
issue,225015,"70PD & 90HI, 35PD CW - 7pcs",24.0,1397 - FLAMETREE,"Villa D58, Flame Tree Ridge A",Allocated to 1397 - FLAMETREE,master-stock-list-05-10
issue,225089,"70PD & 90HI, 35PD CW - 7pcs",56.0,1397 - FLAMETREE,"Villa D58, Flame Tree Ridge A",Allocated to 1397 - FLAMETREE,master-stock-list-05-10
issue,225116,"70PD & 90HI, 35PD CW - 7pcs",64.0,1397 - FLAMETREE,"Villa D58, Flame Tree Ridge A",Allocated to 1397 - FLAMETREE,master-stock-list-05-10
issue,225198,"70PD & 90HI, 35PD CW - 7pcs",60.0,1397 - FLAMETREE,"Villa D58, Flame Tree Ridge A",Allocated to 1397 - FLAMETREE,master-stock-list-05-10
issue,225273,"70PD & 90HI, 35PD CW - 7pcs",60.0,1397 - FLAMETREE,"Villa D58, Flame Tree Ridge A",Allocated to 1397 - FLAMETREE,master-stock-list-05-10
issue,225299,"70PD & 90HI, 35PD CW - 7pcs",60.0,1397 - FLAMETREE,"Villa D58, Flame Tree Ridge A",Allocated to 1397 - FLAMETREE,master-stock-list-05-10
issue,225410,"70PD & 90HI, 35PD CW - 7pcs",1.0,1397 - FLAMETREE,"Villa D58, Flame Tree Ridge A",Allocated to 1397 - FLAMETREE,master-stock-list-05-10
issue,225412,"70PD & 90HI, 35PD CW - 7pcs",4.0,1397 - FLAMETREE,"Villa D58, Flame Tree Ridge A",Allocated to 1397 - FLAMETREE,master-stock-list-05-10
issue,225413,"70PD & 90HI, 35PD CW - 7pcs",1.0,1397 - FLAMETREE,"Villa D58, Flame Tree Ridge A",Allocated to 1397 - FLAMETREE,master-stock-list-05-10
issue,225463,"70PD & 90HI, 35PD CW - 7pcs",20.0,1397 - FLAMETREE,"Villa D58, Flame Tree Ridge A",Allocated to 1397 - FLAMETREE,master-stock-list-05-10
issue,225465,"70PD & 90HI, 35PD CW - 7pcs",2.0,1397 - FLAMETREE,"Villa D58, Flame Tree Ridge A",Allocated to 1397 - FLAMETREE,master-stock-list-05-10
issue,225479,"70PD & 90HI, 35PD CW - 7pcs",1.0,1397 - FLAMETREE,"Villa D58, Flame Tree Ridge A",Allocated to 1397 - FLAMETREE,master-stock-list-05-10
issue,225480,"70PD & 90HI, 35PD CW - 7pcs",1.0,1397 - FLAMETREE,"Villa D58, Flame Tree Ridge A",Allocated to 1397 - FLAMETREE,master-stock-list-05-10
issue,225801,"70PD & 90HI, 35PD CW - 7pcs",2.0,1397 - FLAMETREE,"Villa D58, Flame Tree Ridge A",Allocated to 1397 - FLAMETREE,master-stock-list-05-10
issue,225807,"70PD & 90HI, 35PD CW - 7pcs",1.0,1397 - FLAMETREE,"Villa D58, Flame Tree Ridge A",Allocated to 1397 - FLAMETREE,master-stock-list-05-10
issue,225808,"70PD & 90HI, 35PD CW - 7pcs",1.0,1397 - FLAMETREE,"Villa D58, Flame Tree Ridge A",Allocated to 1397 - FLAMETREE,master-stock-list-05-10
issue,225891,"70PD & 90HI, 35PD CW - 7pcs",60.0,1397 - FLAMETREE,"Villa D58, Flame Tree Ridge A",Allocated to 1397 - FLAMETREE,master-stock-list-05-10
issue,225901,"70PD & 90HI, 35PD CW - 7pcs",2.0,1397 - FLAMETREE,"Villa D58, Flame Tree Ridge A",Allocated to 1397 - FLAMETREE,master-stock-list-05-10
issue,225908,"70PD & 90HI, 35PD CW - 7pcs",2.0,1397 - FLAMETREE,"Villa D58, Flame Tree Ridge A",Allocated to 1397 - FLAMETREE,master-stock-list-05-10
issue,225943,"70PD & 90HI, 35PD CW - 7pcs",4.0,1397 - FLAMETREE,"Villa D58, Flame Tree Ridge A",Allocated to 1397 - FLAMETREE,master-stock-list-05-10
issue,225945,"70PD & 90HI, 35PD CW - 7pcs",8.0,1397 - FLAMETREE,"Villa D58, Flame Tree Ridge A",Allocated to 1397 - FLAMETREE,master-stock-list-05-10
issue,225960,"70PD & 90HI, 35PD CW - 7pcs",4.0,1397 - FLAMETREE,"Villa D58, Flame Tree Ridge A",Allocated to 1397 - FLAMETREE,master-stock-list-05-10
issue,226081,"70PD & 90HI, 35PD CW - 7pcs",4.0,1397 - FLAMETREE,"Villa D58, Flame Tree Ridge A",Allocated to 1397 - FLAMETREE,master-stock-list-05-10
issue,227018,"70PD & 90HI, 35PD CW - 7pcs",24.0,1397 - FLAMETREE,"Villa D58, Flame Tree Ridge A",Allocated to 1397 - FLAMETREE,master-stock-list-05-10
issue,232703,"70PD & 90HI, 35PD CW - 7pcs",2.0,1397 - FLAMETREE,"Villa D58, Flame Tree Ridge A",Allocated to 1397 - FLAMETREE,master-stock-list-05-10
issue,232717,"70PD & 90HI, 35PD CW - 7pcs",4.0,1397 - FLAMETREE,"Villa D58, Flame Tree Ridge A",Allocated to 1397 - FLAMETREE,master-stock-list-05-10
issue,235682,"70PD & 90HI, 35PD CW - 7pcs",4.0,1397 - FLAMETREE,"Villa D58, Flame Tree Ridge A",Allocated to 1397 - FLAMETREE,master-stock-list-05-10
issue,235683,"70PD & 90HI, 35PD CW - 7pcs",32.0,1397 - FLAMETREE,"Villa D58, Flame Tree Ridge A",Allocated to 1397 - FLAMETREE,master-stock-list-05-10
issue,240784,"70PD & 90HI, 35PD CW - 7pcs",4.0,1397 - FLAMETREE,"Villa D58, Flame Tree Ridge A",Allocated to 1397 - FLAMETREE,master-stock-list-05-10
issue,240786,"70PD & 90HI, 35PD CW - 7pcs",2.0,1397 - FLAMETREE,"Villa D58, Flame Tree Ridge A",Allocated to 1397 - FLAMETREE,master-stock-list-05-10
issue,240787,"70PD & 90HI, 35PD CW - 7pcs",2.0,1397 - FLAMETREE,"Villa D58, Flame Tree Ridge A",Allocated to 1397 - FLAMETREE,master-stock-list-05-10
issue,240791,"70PD & 90HI, 35PD CW - 7pcs",2.0,1397 - FLAMETREE,"Villa D58, Flame Tree Ridge A",Allocated to 1397 - FLAMETREE,master-stock-list-05-10
issue,240794,"70PD & 90HI, 35PD CW - 7pcs",2.0,1397 - FLAMETREE,"Villa D58, Flame Tree Ridge A",Allocated to 1397 - FLAMETREE,master-stock-list-05-10
issue,240802,"70PD & 90HI, 35PD CW - 7pcs",4.0,1397 - FLAMETREE,"Villa D58, Flame Tree Ridge A",Allocated to 1397 - FLAMETREE,master-stock-list-05-10
issue,240908,"70PD & 90HI, 35PD CW - 7pcs",2.0,1397 - FLAMETREE,"Villa D58, Flame Tree Ridge A",Allocated to 1397 - FLAMETREE,master-stock-list-05-10
issue,240909,"70PD & 90HI, 35PD CW - 7pcs",2.0,1397 - FLAMETREE,"Villa D58, Flame Tree Ridge A",Allocated to 1397 - FLAMETREE,master-stock-list-05-10
issue,241849,"70PD & 90HI, 35PD CW - 7pcs",4.0,1397 - FLAMETREE,"Villa D58, Flame Tree Ridge A",Allocated to 1397 - FLAMETREE,master-stock-list-05-10
issue,244058,"70PD & 90HI, 35PD CW - 7pcs",70.0,1397 - FLAMETREE,"Villa D58, Flame Tree Ridge A",Allocated to 1397 - FLAMETREE,master-stock-list-05-10
issue,244173,"70PD & 90HI, 35PD CW - 7pcs",15.0,1397 - FLAMETREE,"Villa D58, Flame Tree Ridge A",Allocated to 1397 - FLAMETREE,master-stock-list-05-10
issue,244293,"70PD & 90HI, 35PD CW - 7pcs",5.0,1397 - FLAMETREE,"Villa D58, Flame Tree Ridge A",Allocated to 1397 - FLAMETREE,master-stock-list-05-10
issue,244512,"70PD & 90HI, 35PD CW - 7pcs",10.0,1397 - FLAMETREE,"Villa D58, Flame Tree Ridge A",Allocated to 1397 - FLAMETREE,master-stock-list-05-10
issue,244804,"70PD & 90HI, 35PD CW - 7pcs",2.0,1397 - FLAMETREE,"Villa D58, Flame Tree Ridge A",Allocated to 1397 - FLAMETREE,master-stock-list-05-10
issue,245539,"70PD & 90HI, 35PD CW - 7pcs",12.0,1397 - FLAMETREE,"Villa D58, Flame Tree Ridge A",Allocated to 1397 - FLAMETREE,master-stock-list-05-10
issue,245557,"70PD & 90HI, 35PD CW - 7pcs",1.0,1397 - FLAMETREE,"Villa D58, Flame Tree Ridge A",Allocated to 1397 - FLAMETREE,master-stock-list-05-10
issue,245581,"70PD & 90HI, 35PD CW - 7pcs",2.0,1397 - FLAMETREE,"Villa D58, Flame Tree Ridge A",Allocated to 1397 - FLAMETREE,master-stock-list-05-10
issue,245592,"70PD & 90HI, 35PD CW - 7pcs",2.0,1397 - FLAMETREE,"Villa D58, Flame Tree Ridge A",Allocated to 1397 - FLAMETREE,master-stock-list-05-10
issue,245599,"70PD & 90HI, 35PD CW - 7pcs",1.0,1397 - FLAMETREE,"Villa D58, Flame Tree Ridge A",Allocated to 1397 - FLAMETREE,master-stock-list-05-10
issue,245660,"70PD & 90HI, 35PD CW - 7pcs",2.0,1397 - FLAMETREE,"Villa D58, Flame Tree Ridge A",Allocated to 1397 - FLAMETREE,master-stock-list-05-10
issue,245665,"70PD & 90HI, 35PD CW - 7pcs",4.0,1397 - FLAMETREE,"Villa D58, Flame Tree Ridge A",Allocated to 1397 - FLAMETREE,master-stock-list-05-10
issue,245686,"70PD & 90HI, 35PD CW - 7pcs",2.0,1397 - FLAMETREE,"Villa D58, Flame Tree Ridge A",Allocated to 1397 - FLAMETREE,master-stock-list-05-10
issue,245687,"70PD & 90HI, 35PD CW - 7pcs",2.0,1397 - FLAMETREE,"Villa D58, Flame Tree Ridge A",Allocated to 1397 - FLAMETREE,master-stock-list-05-10
issue,245701,"70PD & 90HI, 35PD CW - 7pcs",10.0,1397 - FLAMETREE,"Villa D58, Flame Tree Ridge A",Allocated to 1397 - FLAMETREE,master-stock-list-05-10
issue,245702,"70PD & 90HI, 35PD CW - 7pcs",84.0,1397 - FLAMETREE,"Villa D58, Flame Tree Ridge A",Allocated to 1397 - FLAMETREE,master-stock-list-05-10
issue,245703,"70PD & 90HI, 35PD CW - 7pcs",10.0,1397 - FLAMETREE,"Villa D58, Flame Tree Ridge A",Allocated to 1397 - FLAMETREE,master-stock-list-05-10
issue,245731,"70PD & 90HI, 35PD CW - 7pcs",14.0,1397 - FLAMETREE,"Villa D58, Flame Tree Ridge A",Allocated to 1397 - FLAMETREE,master-stock-list-05-10
issue,245732,"70PD & 90HI, 35PD CW - 7pcs",16.0,1397 - FLAMETREE,"Villa D58, Flame Tree Ridge A",Allocated to 1397 - FLAMETREE,master-stock-list-05-10
issue,245791,"70PD & 90HI, 35PD CW - 7pcs",21.0,1397 - FLAMETREE,"Villa D58, Flame Tree Ridge A",Allocated to 1397 - FLAMETREE,master-stock-list-05-10
issue,245887,"70PD & 90HI, 35PD CW - 7pcs",2.0,1397 - FLAMETREE,"Villa D58, Flame Tree Ridge A",Allocated to 1397 - FLAMETREE,master-stock-list-05-10
issue,246145,"70PD & 90HI, 35PD CW - 7pcs",20.0,1397 - FLAMETREE,"Villa D58, Flame Tree Ridge A",Allocated to 1397 - FLAMETREE,master-stock-list-05-10
issue,246696,"70PD & 90HI, 35PD CW - 7pcs",4.0,1397 - FLAMETREE,"Villa D58, Flame Tree Ridge A",Allocated to 1397 - FLAMETREE,master-stock-list-05-10
issue,254519,"70PD & 90HI, 35PD CW - 7pcs",1.0,1393 - SAVANNAH,"Villa D58, Flame Tree Ridge A",Allocated to 1393 - SAVANNAH,master-stock-list-05-10
issue,254519,"70PD & 90HI, 35PD CW - 7pcs",8.0,1397 - FLAMETREE,"Villa D58, Flame Tree Ridge A",Allocated to 1397 - FLAMETREE,master-stock-list-05-10
issue,265599,"70PD & 90HI, 35PD CW - 7pcs",12.0,1397 - FLAMETREE,"Villa D58, Flame Tree Ridge A",Allocated to 1397 - FLAMETREE,master-stock-list-05-10
issue,267990,"70PD & 90HI, 35PD CW - 7pcs",5.0,1397 - FLAMETREE,"Villa D58, Flame Tree Ridge A",Allocated to 1397 - FLAMETREE,master-stock-list-05-10
issue,268728,"70PD & 90HI, 35PD CW - 7pcs",4.0,1397 - FLAMETREE,"Villa D58, Flame Tree Ridge A",Allocated to 1397 - FLAMETREE,master-stock-list-05-10
issue,268740,"70PD & 90HI, 35PD CW - 7pcs",2.0,1397 - FLAMETREE,"Villa D58, Flame Tree Ridge A",Allocated to 1397 - FLAMETREE,master-stock-list-05-10
issue,269191,"70PD & 90HI, 35PD CW - 7pcs",4.0,1397 - FLAMETREE,"Villa D58, Flame Tree Ridge A",Allocated to 1397 - FLAMETREE,master-stock-list-05-10
issue,269260,"70PD & 90HI, 35PD CW - 7pcs",4.0,1397 - FLAMETREE,"Villa D58, Flame Tree Ridge A",Allocated to 1397 - FLAMETREE,master-stock-list-05-10
issue,269274,"70PD & 90HI, 35PD CW - 7pcs",88.0,1397 - FLAMETREE,"Villa D58, Flame Tree Ridge A",Allocated to 1397 - FLAMETREE,master-stock-list-05-10
issue,269368,"70PD & 90HI, 35PD CW - 7pcs",4.0,1397 - FLAMETREE,"Villa D58, Flame Tree Ridge A",Allocated to 1397 - FLAMETREE,master-stock-list-05-10
issue,276879,"70PD & 90HI, 35PD CW - 7pcs",12.0,1397 - FLAMETREE,"Villa D58, Flame Tree Ridge A",Allocated to 1397 - FLAMETREE,master-stock-list-05-10
issue,278143,"70PD & 90HI, 35PD CW - 7pcs",2.0,1397 - FLAMETREE,"Villa D58, Flame Tree Ridge A",Allocated to 1397 - FLAMETREE,master-stock-list-05-10
issue,279714,"70PD & 90HI, 35PD CW - 7pcs",20.0,1397 - FLAMETREE,"Villa D58, Flame Tree Ridge A",Allocated to 1397 - FLAMETREE,master-stock-list-05-10
issue,281679,"70PD & 90HI, 35PD CW - 7pcs",3.0,1397 - FLAMETREE,"Villa D58, Flame Tree Ridge A",Allocated to 1397 - FLAMETREE,master-stock-list-05-10
issue,281849,"70PD & 90HI, 35PD CW - 7pcs",9.4,1397 - FLAMETREE,"Villa D58, Flame Tree Ridge A",Allocated to 1397 - FLAMETREE,master-stock-list-05-10
issue,284071,"70PD & 90HI, 35PD CW - 7pcs",16.0,1397 - FLAMETREE,"Villa D58, Flame Tree Ridge A",Allocated to 1397 - FLAMETREE,master-stock-list-05-10
issue,284652,"70PD & 90HI, 35PD CW - 7pcs",10.0,1397 - FLAMETREE,"Villa D58, Flame Tree Ridge A",Allocated to 1397 - FLAMETREE,master-stock-list-05-10
issue,284763,"70PD & 90HI, 35PD CW - 7pcs",4.0,1397 - FLAMETREE,"Villa D58, Flame Tree Ridge A",Allocated to 1397 - FLAMETREE,master-stock-list-05-10
issue,284819,"70PD & 90HI, 35PD CW - 7pcs",32.0,1397 - FLAMETREE,"Villa D58, Flame Tree Ridge A",Allocated to 1397 - FLAMETREE,master-stock-list-05-10
issue,288163,"70PD & 90HI, 35PD CW - 7pcs",72.0,1397 - FLAMETREE,"Villa D58, Flame Tree Ridge A",Allocated to 1397 - FLAMETREE,master-stock-list-05-10
issue,288180,"70PD & 90HI, 35PD CW - 7pcs",12.0,1397 - FLAMETREE,"Villa D58, Flame Tree Ridge A",Allocated to 1397 - FLAMETREE,master-stock-list-05-10
issue,288181,"70PD & 90HI, 35PD CW - 7pcs",12.0,1397 - FLAMETREE,"Villa D58, Flame Tree Ridge A",Allocated to 1397 - FLAMETREE,master-stock-list-05-10
issue,288614,"70PD & 90HI, 35PD CW - 7pcs",4.0,1397 - FLAMETREE,"Villa D58, Flame Tree Ridge A",Allocated to 1397 - FLAMETREE,master-stock-list-05-10
issue,288869,"70PD & 90HI, 35PD CW - 7pcs",2.0,1397 - FLAMETREE,"Villa D58, Flame Tree Ridge A",Allocated to 1397 - FLAMETREE,master-stock-list-05-10
issue,291009,"70PD & 90HI, 35PD CW - 7pcs",304.0,1397 - FLAMETREE,"Villa D58, Flame Tree Ridge A",Allocated to 1397 - FLAMETREE,master-stock-list-05-10
issue,298195,"70PD & 90HI, 35PD CW - 7pcs",25.0,1397 - FLAMETREE,"Villa D58, Flame Tree Ridge A",Allocated to 1397 - FLAMETREE,master-stock-list-05-10
issue,298892,"70PD & 90HI, 35PD CW - 7pcs",156.0,1397 - FLAMETREE,"Villa D58, Flame Tree Ridge A",Allocated to 1397 - FLAMETREE,master-stock-list-05-10
issue,477780,"70PD & 90HI, 35PD CW - 7pcs",1.0,1397 - FLAMETREE,"Villa D58, Flame Tree Ridge A",Allocated to 1397 - FLAMETREE,master-stock-list-05-10
issue,477830,"70PD & 90HI, 35PD CW - 7pcs",2.0,1397 - FLAMETREE,"Villa D58, Flame Tree Ridge A",Allocated to 1397 - FLAMETREE,master-stock-list-05-10
issue,484390,"70PD & 90HI, 35PD CW - 7pcs",3.0,1397 - FLAMETREE,"Villa D58, Flame Tree Ridge A",Allocated to 1397 - FLAMETREE,master-stock-list-05-10
issue,484560,"70PD & 90HI, 35PD CW - 7pcs",3.0,1397 - FLAMETREE,"Villa D58, Flame Tree Ridge A",Allocated to 1397 - FLAMETREE,master-stock-list-05-10
issue,525440,"70PD & 90HI, 35PD CW - 7pcs",2.0,1397 - FLAMETREE,"Villa D58, Flame Tree Ridge A",Allocated to 1397 - FLAMETREE,master-stock-list-05-10
issue,525460,"70PD & 90HI, 35PD CW - 7pcs",2.0,1397 - FLAMETREE,"Villa D58, Flame Tree Ridge A",Allocated to 1397 - FLAMETREE,master-stock-list-05-10
issue,542020,"70PD & 90HI, 35PD CW - 7pcs",2.0,1397 - FLAMETREE,"Villa D58, Flame Tree Ridge A",Allocated to 1397 - FLAMETREE,master-stock-list-05-10
issue,542100,"70PD & 90HI, 35PD CW - 7pcs",10.0,1397 - FLAMETREE,"Villa D58, Flame Tree Ridge A",Allocated to 1397 - FLAMETREE,master-stock-list-05-10
issue,542120,"70PD & 90HI, 35PD CW - 7pcs",8.0,1397 - FLAMETREE,"Villa D58, Flame Tree Ridge A",Allocated to 1397 - FLAMETREE,master-stock-list-05-10
issue,542380,"70PD & 90HI, 35PD CW - 7pcs",4.0,1397 - FLAMETREE,"Villa D58, Flame Tree Ridge A",Allocated to 1397 - FLAMETREE,master-stock-list-05-10
issue,542770,"70PD & 90HI, 35PD CW - 7pcs",2.0,1397 - FLAMETREE,"Villa D58, Flame Tree Ridge A",Allocated to 1397 - FLAMETREE,master-stock-list-05-10
issue,542980,"70PD & 90HI, 35PD CW - 7pcs",2.0,1397 - FLAMETREE,"Villa D58, Flame Tree Ridge A",Allocated to 1397 - FLAMETREE,master-stock-list-05-10
issue,576040,"70PD & 90HI, 35PD CW - 7pcs",2.0,1397 - FLAMETREE,"Villa D58, Flame Tree Ridge A",Allocated to 1397 - FLAMETREE,master-stock-list-05-10
issue,576050,"70PD & 90HI, 35PD CW - 7pcs",2.0,1397 - FLAMETREE,"Villa D58, Flame Tree Ridge A",Allocated to 1397 - FLAMETREE,master-stock-list-05-10
issue,576090,"70PD & 90HI, 35PD CW - 7pcs",2.0,1397 - FLAMETREE,"Villa D58, Flame Tree Ridge A",Allocated to 1397 - FLAMETREE,master-stock-list-05-10
issue,576110,"70PD & 90HI, 35PD CW - 7pcs",2.0,1397 - FLAMETREE,"Villa D58, Flame Tree Ridge A",Allocated to 1397 - FLAMETREE,master-stock-list-05-10
issue,584000,"70PD & 90HI, 35PD CW - 7pcs",2.0,1397 - FLAMETREE,"Villa D58, Flame Tree Ridge A",Allocated to 1397 - FLAMETREE,master-stock-list-05-10
issue,9626192,"70PD & 90HI, 35PD CW - 7pcs",6.0,1397 - FLAMETREE,"Villa D58, Flame Tree Ridge A",Allocated to 1397 - FLAMETREE,master-stock-list-05-10
issue,9626193,"70PD & 90HI, 35PD CW - 7pcs",3.0,1397 - FLAMETREE,"Villa D58, Flame Tree Ridge A",Allocated to 1397 - FLAMETREE,master-stock-list-05-10
issue,9626195,"70PD & 90HI, 35PD CW - 7pcs",8.0,1397 - FLAMETREE,"Villa D58, Flame Tree Ridge A",Allocated to 1397 - FLAMETREE,master-stock-list-05-10
issue,9626196,"70PD & 90HI, 35PD CW - 7pcs",4.0,1397 - FLAMETREE,"Villa D58, Flame Tree Ridge A",Allocated to 1397 - FLAMETREE,master-stock-list-05-10
issue,9626201,"70PD & 90HI, 35PD CW - 7pcs",4.0,1397 - FLAMETREE,"Villa D58, Flame Tree Ridge A",Allocated to 1397 - FLAMETREE,master-stock-list-05-10
issue,9626213,"70PD & 90HI, 35PD CW - 7pcs",5.0,1397 - FLAMETREE,"Villa D58, Flame Tree Ridge A",Allocated to 1397 - FLAMETREE,master-stock-list-05-10
issue,9626214,"70PD & 90HI, 35PD CW - 7pcs",1.0,1397 - FLAMETREE,"Villa D58, Flame Tree Ridge A",Allocated to 1397 - FLAMETREE,master-stock-list-05-10
issue,9633805,"70PD & 90HI, 35PD CW - 7pcs",2.0,1397 - FLAMETREE,"Villa D58, Flame Tree Ridge A",Allocated to 1397 - FLAMETREE,master-stock-list-05-10
issue,9633806,"70PD & 90HI, 35PD CW - 7pcs",2.0,1397 - FLAMETREE,"Villa D58, Flame Tree Ridge A",Allocated to 1397 - FLAMETREE,master-stock-list-05-10
issue,9633807,"70PD & 90HI, 35PD CW - 7pcs",10.0,1397 - FLAMETREE,"Villa D58, Flame Tree Ridge A",Allocated to 1397 - FLAMETREE,master-stock-list-05-10
issue,9643167,"70PD & 90HI, 35PD CW - 7pcs",6.0,1397 - FLAMETREE,"Villa D58, Flame Tree Ridge A",Allocated to 1397 - FLAMETREE,master-stock-list-05-10
issue,9643168,"70PD & 90HI, 35PD CW - 7pcs",4.0,1397 - FLAMETREE,"Villa D58, Flame Tree Ridge A",Allocated to 1397 - FLAMETREE,master-stock-list-05-10
issue,9643171,"70PD & 90HI, 35PD CW - 7pcs",6.0,1397 - FLAMETREE,"Villa D58, Flame Tree Ridge A",Allocated to 1397 - FLAMETREE,master-stock-list-05-10
issue,9643172,"70PD & 90HI, 35PD CW - 7pcs",3.0,1397 - FLAMETREE,"Villa D58, Flame Tree Ridge A",Allocated to 1397 - FLAMETREE,master-stock-list-05-10
issue,9643174,"70PD & 90HI, 35PD CW - 7pcs",6.0,1397 - FLAMETREE,"Villa D58, Flame Tree Ridge A",Allocated to 1397 - FLAMETREE,master-stock-list-05-10
issue,9643176,"70PD & 90HI, 35PD CW - 7pcs",10.0,1397 - FLAMETREE,"Villa D58, Flame Tree Ridge A",Allocated to 1397 - FLAMETREE,master-stock-list-05-10
issue,9643177,"70PD & 90HI, 35PD CW - 7pcs",6.0,1397 - FLAMETREE,"Villa D58, Flame Tree Ridge A",Allocated to 1397 - FLAMETREE,master-stock-list-05-10
issue,9643180,"70PD & 90HI, 35PD CW - 7pcs",2.0,1397 - FLAMETREE,"Villa D58, Flame Tree Ridge A",Allocated to 1397 - FLAMETREE,master-stock-list-05-10
issue,9643181,"70PD & 90HI, 35PD CW - 7pcs",1.0,1397 - FLAMETREE,"Villa D58, Flame Tree Ridge A",Allocated to 1397 - FLAMETREE,master-stock-list-05-10
issue,9643183,"70PD & 90HI, 35PD CW - 7pcs",1.0,1397 - FLAMETREE,"Villa D58, Flame Tree Ridge A",Allocated to 1397 - FLAMETREE,master-stock-list-05-10
issue,9643184,"70PD & 90HI, 35PD CW - 7pcs",1.0,1397 - FLAMETREE,"Villa D58, Flame Tree Ridge A",Allocated to 1397 - FLAMETREE,master-stock-list-05-10
issue,9643186,"70PD & 90HI, 35PD CW - 7pcs",1.0,1397 - FLAMETREE,"Villa D58, Flame Tree Ridge A",Allocated to 1397 - FLAMETREE,master-stock-list-05-10
issue,9643187,"70PD & 90HI, 35PD CW - 7pcs",1.0,1397 - FLAMETREE,"Villa D58, Flame Tree Ridge A",Allocated to 1397 - FLAMETREE,master-stock-list-05-10
issue,9643189,"70PD & 90HI, 35PD CW - 7pcs",6.0,1397 - FLAMETREE,"Villa D58, Flame Tree Ridge A",Allocated to 1397 - FLAMETREE,master-stock-list-05-10
issue,9643193,"70PD & 90HI, 35PD CW - 7pcs",3.0,1397 - FLAMETREE,"Villa D58, Flame Tree Ridge A",Allocated to 1397 - FLAMETREE,master-stock-list-05-10
issue,9643194,"70PD & 90HI, 35PD CW - 7pcs",6.0,1397 - FLAMETREE,"Villa D58, Flame Tree Ridge A",Allocated to 1397 - FLAMETREE,master-stock-list-05-10
issue,9643195,"70PD & 90HI, 35PD CW - 7pcs",8.0,1397 - FLAMETREE,"Villa D58, Flame Tree Ridge A",Allocated to 1397 - FLAMETREE,master-stock-list-05-10
issue,9643196,"70PD & 90HI, 35PD CW - 7pcs",1.0,1397 - FLAMETREE,"Villa D58, Flame Tree Ridge A",Allocated to 1397 - FLAMETREE,master-stock-list-05-10
issue,9643197,"70PD & 90HI, 35PD CW - 7pcs",1.0,1397 - FLAMETREE,"Villa D58, Flame Tree Ridge A",Allocated to 1397 - FLAMETREE,master-stock-list-05-10
issue,9643198,"70PD & 90HI, 35PD CW - 7pcs",2.0,1397 - FLAMETREE,"Villa D58, Flame Tree Ridge A",Allocated to 1397 - FLAMETREE,master-stock-list-05-10
issue,9643199,"70PD & 90HI, 35PD CW - 7pcs",1.0,1397 - FLAMETREE,"Villa D58, Flame Tree Ridge A",Allocated to 1397 - FLAMETREE,master-stock-list-05-10
issue,9643200,"70PD & 90HI, 35PD CW - 7pcs",12.0,1397 - FLAMETREE,"Villa D58, Flame Tree Ridge A",Allocated to 1397 - FLAMETREE,master-stock-list-05-10
issue,9643202,"70PD & 90HI, 35PD CW - 7pcs",33.0,1397 - FLAMETREE,"Villa D58, Flame Tree Ridge A",Allocated to 1397 - FLAMETREE,master-stock-list-05-10
issue,9643203,"70PD & 90HI, 35PD CW - 7pcs",33.0,1397 - FLAMETREE,"Villa D58, Flame Tree Ridge A",Allocated to 1397 - FLAMETREE,master-stock-list-05-10
issue,9643204,"70PD & 90HI, 35PD CW - 7pcs",16.0,1397 - FLAMETREE,"Villa D58, Flame Tree Ridge A",Allocated to 1397 - FLAMETREE,master-stock-list-05-10
issue,9644717,"70PD & 90HI, 35PD CW - 7pcs",4.0,1397 - FLAMETREE,"Villa D58, Flame Tree Ridge A",Allocated to 1397 - FLAMETREE,master-stock-list-05-10
issue,9645362,"70PD & 90HI, 35PD CW - 7pcs",2.0,1397 - FLAMETREE,"Villa D58, Flame Tree Ridge A",Allocated to 1397 - FLAMETREE,master-stock-list-05-10
issue,9645370,"70PD & 90HI, 35PD CW - 7pcs",2.0,1397 - FLAMETREE,"Villa D58, Flame Tree Ridge A",Allocated to 1397 - FLAMETREE,master-stock-list-05-10
issue,9647594,"70PD & 90HI, 35PD CW - 7pcs",3.0,1397 - FLAMETREE,"Villa D58, Flame Tree Ridge A",Allocated to 1397 - FLAMETREE,master-stock-list-05-10
issue,9647595,"70PD & 90HI, 35PD CW - 7pcs",3.0,1397 - FLAMETREE,"Villa D58, Flame Tree Ridge A",Allocated to 1397 - FLAMETREE,master-stock-list-05-10
issue,9650457,"70PD & 90HI, 35PD CW - 7pcs",200.0,1397 - FLAMETREE,"Villa D58, Flame Tree Ridge A",Allocated to 1397 - FLAMETREE,master-stock-list-05-10
issue,9659956,"70PD & 90HI, 35PD CW - 7pcs",4.0,1397 - FLAMETREE,"Villa D58, Flame Tree Ridge A",Allocated to 1397 - FLAMETREE,master-stock-list-05-10
issue,9660994,"70PD & 90HI, 35PD CW - 7pcs",304.0,1397 - FLAMETREE,"Villa D58, Flame Tree Ridge A",Allocated to 1397 - FLAMETREE,master-stock-list-05-10
